x/H,y/H,z/H,<u/uH>,Uu,<v/uH>,Uv,<w/uH>,Uw,<urms/uH>,Uurms,<vrms/uH>,Uvrms,<wrms/uH>,Uwrms,<tke/uH>,Utke,buffer
-1.000 ,0.000 ,0.005 ,0.010 ,0.004 ,0.007 ,0.003 ,0.045 ,0.005 ,0.0458 ,0.0062 ,0.0034 ,0.0010 ,0.0029 ,0.0008 ,0.0260 ,0.0032 ,0.0000 
-1.000 ,0.000 ,0.050 ,0.253 ,0.017 ,0.007 ,0.004 ,0.036 ,0.005 ,0.0306 ,0.0042 ,0.0045 ,0.0012 ,0.0045 ,0.0010 ,0.0198 ,0.0022 ,0.0000 
-1.000 ,0.000 ,0.125 ,0.386 ,0.025 ,0.007 ,0.005 ,0.039 ,0.006 ,0.0246 ,0.0034 ,0.0064 ,0.0015 ,0.0082 ,0.0014 ,0.0196 ,0.0020 ,0.0000 
-1.000 ,0.000 ,0.250 ,0.488 ,0.032 ,0.008 ,0.006 ,0.024 ,0.007 ,0.0320 ,0.0044 ,0.0069 ,0.0016 ,0.0121 ,0.0018 ,0.0255 ,0.0025 ,0.0000 
-1.000 ,0.000 ,0.500 ,0.636 ,0.041 ,0.008 ,0.008 ,0.002 ,0.008 ,0.0389 ,0.0053 ,0.0074 ,0.0017 ,0.0157 ,0.0021 ,0.0310 ,0.0030 ,0.0000 
-1.000 ,0.000 ,0.750 ,0.771 ,0.050 ,0.007 ,0.009 ,0.021 ,0.009 ,0.0441 ,0.0060 ,0.0079 ,0.0018 ,0.0165 ,0.0022 ,0.0343 ,0.0033 ,0.0000 
-1.000 ,0.000 ,0.875 ,0.827 ,0.054 ,0.008 ,0.010 ,0.027 ,0.010 ,0.0450 ,0.0061 ,0.0087 ,0.0019 ,0.0158 ,0.0021 ,0.0348 ,0.0034 ,0.0000 
-1.000 ,0.000 ,0.950 ,0.861 ,0.056 ,0.008 ,0.010 ,0.035 ,0.011 ,0.0434 ,0.0059 ,0.0097 ,0.0020 ,0.0171 ,0.0023 ,0.0351 ,0.0033 ,0.0000 
-1.000 ,0.000 ,1.000 ,0.879 ,0.057 ,0.008 ,0.010 ,0.038 ,0.011 ,0.0411 ,0.0056 ,0.0115 ,0.0023 ,0.0159 ,0.0022 ,0.0343 ,0.0032 ,0.0000 
-1.000 ,0.000 ,1.050 ,0.897 ,0.058 ,0.007 ,0.010 ,0.052 ,0.011 ,0.0397 ,0.0054 ,0.0134 ,0.0025 ,0.0154 ,0.0021 ,0.0342 ,0.0032 ,0.0000 
-1.000 ,0.000 ,1.125 ,0.931 ,0.060 ,0.000 ,0.011 ,0.061 ,0.012 ,0.0339 ,0.0046 ,0.0173 ,0.0030 ,0.0117 ,0.0018 ,0.0315 ,0.0029 ,0.0000 
-1.000 ,0.000 ,1.250 ,0.985 ,0.064 ,0.000 ,0.011 ,0.059 ,0.012 ,0.0342 ,0.0047 ,0.0178 ,0.0031 ,0.0119 ,0.0018 ,0.0319 ,0.0030 ,0.0000 
-1.000 ,0.000 ,1.500 ,1.076 ,0.070 ,-0.001 ,0.012 ,0.058 ,0.013 ,0.0332 ,0.0046 ,0.0144 ,0.0027 ,0.0121 ,0.0018 ,0.0299 ,0.0028 ,0.0000 
-0.750 ,0.000 ,0.005 ,-0.290 ,0.019 ,0.015 ,0.004 ,0.013 ,0.005 ,0.1096 ,0.0144 ,0.0039 ,0.0011 ,0.0132 ,0.0019 ,0.0633 ,0.0073 ,0.0000 
-0.750 ,0.000 ,0.050 ,-0.072 ,0.006 ,0.014 ,0.003 ,0.019 ,0.004 ,0.0569 ,0.0076 ,0.0050 ,0.0013 ,0.0284 ,0.0032 ,0.0452 ,0.0042 ,0.0000 
-0.750 ,0.000 ,0.125 ,0.323 ,0.021 ,0.011 ,0.005 ,-0.024 ,0.005 ,0.0312 ,0.0043 ,0.0077 ,0.0017 ,0.0275 ,0.0031 ,0.0332 ,0.0028 ,0.0000 
-0.750 ,0.000 ,0.250 ,0.375 ,0.025 ,0.010 ,0.005 ,-0.077 ,0.008 ,0.0259 ,0.0036 ,0.0087 ,0.0019 ,0.0155 ,0.0021 ,0.0251 ,0.0023 ,0.0000 
-0.750 ,0.000 ,0.500 ,0.458 ,0.030 ,0.010 ,0.006 ,-0.092 ,0.009 ,0.0283 ,0.0039 ,0.0096 ,0.0020 ,0.0169 ,0.0022 ,0.0274 ,0.0025 ,0.0000 
-0.750 ,0.000 ,0.750 ,0.535 ,0.035 ,0.010 ,0.007 ,-0.047 ,0.008 ,0.0288 ,0.0040 ,0.0113 ,0.0022 ,0.0157 ,0.0021 ,0.0279 ,0.0025 ,0.0000 
-0.750 ,0.000 ,0.875 ,0.633 ,0.041 ,0.009 ,0.008 ,-0.003 ,0.008 ,0.0298 ,0.0041 ,0.0123 ,0.0024 ,0.0141 ,0.0020 ,0.0281 ,0.0026 ,0.0000 
-0.750 ,0.000 ,0.950 ,0.733 ,0.048 ,0.009 ,0.009 ,0.010 ,0.009 ,0.0335 ,0.0046 ,0.0140 ,0.0026 ,0.0154 ,0.0021 ,0.0314 ,0.0028 ,0.0000 
-0.750 ,0.000 ,1.000 ,0.797 ,0.052 ,0.009 ,0.009 ,0.018 ,0.010 ,0.0318 ,0.0044 ,0.0154 ,0.0028 ,0.0145 ,0.0021 ,0.0309 ,0.0028 ,0.0000 
-0.750 ,0.000 ,1.050 ,0.844 ,0.055 ,0.007 ,0.010 ,0.038 ,0.010 ,0.0311 ,0.0043 ,0.0157 ,0.0028 ,0.0146 ,0.0021 ,0.0307 ,0.0028 ,0.0000 
-0.750 ,0.000 ,1.125 ,0.939 ,0.061 ,-0.001 ,0.011 ,0.064 ,0.012 ,0.0330 ,0.0045 ,0.0173 ,0.0030 ,0.0117 ,0.0018 ,0.0310 ,0.0029 ,0.0000 
-0.750 ,0.000 ,1.250 ,1.002 ,0.065 ,0.000 ,0.011 ,0.034 ,0.012 ,0.0335 ,0.0046 ,0.0173 ,0.0030 ,0.0127 ,0.0019 ,0.0317 ,0.0029 ,0.0000 
-0.750 ,0.000 ,1.500 ,1.107 ,0.072 ,0.000 ,0.013 ,-0.011 ,0.013 ,0.0296 ,0.0041 ,0.0155 ,0.0028 ,0.0119 ,0.0018 ,0.0285 ,0.0026 ,0.0000 
-0.625 ,0.000 ,0.005 ,-0.338 ,0.022 ,0.023 ,0.005 ,-0.063 ,0.007 ,0.0520 ,0.0070 ,0.0049 ,0.0013 ,0.0126 ,0.0018 ,0.0347 ,0.0037 ,0.0000 
-0.625 ,0.000 ,0.050 ,0.024 ,0.004 ,0.020 ,0.003 ,-0.091 ,0.007 ,0.0395 ,0.0054 ,0.0066 ,0.0016 ,0.0510 ,0.0048 ,0.0485 ,0.0037 ,0.0000 
-0.625 ,0.000 ,0.125 ,0.224 ,0.015 ,0.015 ,0.004 ,-0.161 ,0.011 ,0.0249 ,0.0035 ,0.0087 ,0.0019 ,0.0298 ,0.0033 ,0.0317 ,0.0026 ,0.0000 
-0.625 ,0.000 ,0.250 ,0.268 ,0.018 ,0.015 ,0.004 ,-0.159 ,0.011 ,0.0215 ,0.0030 ,0.0105 ,0.0021 ,0.0192 ,0.0024 ,0.0256 ,0.0022 ,0.0000 
-0.625 ,0.000 ,0.500 ,0.297 ,0.020 ,0.015 ,0.004 ,-0.130 ,0.010 ,0.0214 ,0.0030 ,0.0129 ,0.0025 ,0.0182 ,0.0024 ,0.0262 ,0.0023 ,0.0000 
-0.625 ,0.000 ,0.750 ,0.357 ,0.024 ,0.015 ,0.005 ,-0.044 ,0.006 ,0.0194 ,0.0027 ,0.0157 ,0.0028 ,0.0149 ,0.0021 ,0.0250 ,0.0022 ,0.0000 
-0.625 ,0.000 ,0.875 ,0.451 ,0.030 ,0.014 ,0.006 ,0.028 ,0.007 ,0.0192 ,0.0027 ,0.0177 ,0.0031 ,0.0152 ,0.0021 ,0.0261 ,0.0023 ,0.0000 
-0.625 ,0.000 ,0.950 ,0.598 ,0.039 ,0.012 ,0.007 ,0.085 ,0.009 ,0.0215 ,0.0030 ,0.0185 ,0.0032 ,0.0149 ,0.0021 ,0.0274 ,0.0024 ,0.0000 
-0.625 ,0.000 ,1.000 ,0.718 ,0.047 ,0.011 ,0.009 ,0.123 ,0.012 ,0.0256 ,0.0036 ,0.0184 ,0.0032 ,0.0144 ,0.0021 ,0.0292 ,0.0026 ,0.0000 
-0.625 ,0.000 ,1.050 ,0.830 ,0.054 ,0.007 ,0.010 ,0.192 ,0.016 ,0.0298 ,0.0041 ,0.0189 ,0.0032 ,0.0147 ,0.0021 ,0.0317 ,0.0028 ,0.0000 
-0.625 ,0.000 ,1.125 ,0.948 ,0.062 ,-0.001 ,0.011 ,0.176 ,0.016 ,0.0314 ,0.0043 ,0.0186 ,0.0032 ,0.0132 ,0.0020 ,0.0316 ,0.0029 ,0.0000 
-0.625 ,0.000 ,1.250 ,1.046 ,0.068 ,-0.001 ,0.012 ,0.066 ,0.013 ,0.0313 ,0.0043 ,0.0181 ,0.0031 ,0.0130 ,0.0019 ,0.0312 ,0.0028 ,0.0000 
-0.625 ,0.000 ,1.500 ,1.117 ,0.072 ,-0.001 ,0.013 ,-0.010 ,0.013 ,0.0302 ,0.0042 ,0.0153 ,0.0028 ,0.0112 ,0.0018 ,0.0284 ,0.0026 ,0.0000 
-0.550 ,0.000 ,0.005 ,-0.052 ,0.005 ,0.029 ,0.003 ,-0.135 ,0.010 ,0.0297 ,0.0041 ,0.0052 ,0.0013 ,0.0109 ,0.0017 ,0.0229 ,0.0023 ,0.0000 
-0.550 ,0.000 ,0.050 ,0.009 ,0.005 ,0.026 ,0.003 ,-0.266 ,0.018 ,0.0208 ,0.0029 ,0.0078 ,0.0017 ,0.0503 ,0.0048 ,0.0394 ,0.0029 ,0.0000 
-0.550 ,0.000 ,0.125 ,0.126 ,0.010 ,0.023 ,0.004 ,-0.291 ,0.019 ,0.0155 ,0.0022 ,0.0108 ,0.0022 ,0.0365 ,0.0038 ,0.0314 ,0.0025 ,0.0000 
-0.550 ,0.000 ,0.250 ,0.166 ,0.012 ,0.023 ,0.004 ,-0.246 ,0.017 ,0.0154 ,0.0022 ,0.0118 ,0.0023 ,0.0309 ,0.0034 ,0.0290 ,0.0023 ,0.0000 
-0.550 ,0.000 ,0.500 ,0.170 ,0.012 ,0.025 ,0.004 ,-0.185 ,0.013 ,0.0132 ,0.0019 ,0.0136 ,0.0026 ,0.0271 ,0.0031 ,0.0270 ,0.0022 ,0.0000 
-0.550 ,0.000 ,0.750 ,0.170 ,0.012 ,0.025 ,0.004 ,-0.068 ,0.006 ,0.0109 ,0.0016 ,0.0166 ,0.0029 ,0.0206 ,0.0026 ,0.0240 ,0.0021 ,0.0000 
-0.550 ,0.000 ,0.875 ,0.228 ,0.015 ,0.024 ,0.004 ,0.042 ,0.005 ,0.0099 ,0.0015 ,0.0196 ,0.0033 ,0.0177 ,0.0024 ,0.0236 ,0.0022 ,0.0000 
-0.550 ,0.000 ,0.950 ,0.386 ,0.026 ,0.022 ,0.005 ,0.153 ,0.012 ,0.0129 ,0.0019 ,0.0209 ,0.0035 ,0.0155 ,0.0022 ,0.0246 ,0.0023 ,0.0000 
-0.550 ,0.000 ,1.000 ,0.650 ,0.043 ,0.017 ,0.008 ,0.229 ,0.017 ,0.0208 ,0.0029 ,0.0198 ,0.0034 ,0.0154 ,0.0022 ,0.0280 ,0.0025 ,0.0000 
-0.550 ,0.000 ,1.050 ,0.889 ,0.058 ,0.007 ,0.010 ,0.387 ,0.027 ,0.0287 ,0.0040 ,0.0190 ,0.0032 ,0.0143 ,0.0021 ,0.0310 ,0.0028 ,0.0000 
-0.550 ,0.000 ,1.125 ,1.007 ,0.066 ,-0.001 ,0.012 ,0.231 ,0.019 ,0.0353 ,0.0048 ,0.0189 ,0.0032 ,0.0148 ,0.0021 ,0.0345 ,0.0031 ,0.0000 
-0.550 ,0.000 ,1.250 ,1.076 ,0.070 ,-0.001 ,0.012 ,0.080 ,0.014 ,0.0321 ,0.0044 ,0.0181 ,0.0031 ,0.0121 ,0.0019 ,0.0312 ,0.0029 ,0.0000 
-0.550 ,0.000 ,1.500 ,1.131 ,0.073 ,-0.001 ,0.013 ,-0.008 ,0.013 ,0.0313 ,0.0043 ,0.0163 ,0.0029 ,0.0122 ,0.0019 ,0.0299 ,0.0028 ,0.0000 
-0.500 ,0.000 ,1.010 ,0.856 ,0.057 ,0.022 ,0.011 ,0.905 ,0.060 ,0.0268 ,0.0037 ,0.0392 ,0.0058 ,0.0325 ,0.0037 ,0.0493 ,0.0039 ,0.0000 
-0.500 ,0.000 ,1.050 ,1.004 ,0.066 ,0.004 ,0.012 ,0.558 ,0.038 ,0.0400 ,0.0054 ,0.0214 ,0.0037 ,0.0254 ,0.0032 ,0.0434 ,0.0036 ,0.0000 
-0.500 ,0.000 ,1.125 ,1.080 ,0.070 ,0.009 ,0.012 ,0.273 ,0.022 ,0.0359 ,0.0048 ,0.0184 ,0.0032 ,0.0164 ,0.0022 ,0.0353 ,0.0031 ,0.0000 
-0.500 ,0.000 ,1.250 ,1.108 ,0.072 ,0.007 ,0.013 ,0.091 ,0.014 ,0.0347 ,0.0048 ,0.0185 ,0.0032 ,0.0124 ,0.0018 ,0.0328 ,0.0030 ,0.0000 
-0.500 ,0.000 ,1.500 ,1.154 ,0.076 ,0.003 ,0.013 ,-0.007 ,0.013 ,0.0279 ,0.0041 ,0.0159 ,0.0029 ,0.0128 ,0.0018 ,0.0283 ,0.0027 ,0.0000 
-0.375 ,0.000 ,1.010 ,-0.190 ,0.017 ,-0.010 ,0.003 ,0.021 ,0.003 ,0.0589 ,0.0086 ,0.0578 ,0.0078 ,0.0140 ,0.0020 ,0.0654 ,0.0059 ,0.0000 
-0.375 ,0.000 ,1.050 ,0.382 ,0.027 ,0.006 ,0.005 ,0.017 ,0.005 ,0.2109 ,0.0273 ,0.0409 ,0.0059 ,0.0272 ,0.0031 ,0.1395 ,0.0140 ,0.0000 
-0.375 ,0.000 ,1.125 ,1.232 ,0.080 ,0.002 ,0.014 ,0.156 ,0.017 ,0.0696 ,0.0092 ,0.0229 ,0.0037 ,0.0188 ,0.0024 ,0.0556 ,0.0051 ,0.0000 
-0.375 ,0.000 ,1.250 ,1.157 ,0.075 ,0.003 ,0.013 ,0.055 ,0.014 ,0.0353 ,0.0048 ,0.0165 ,0.0032 ,0.0120 ,0.0018 ,0.0319 ,0.0030 ,0.0000 
-0.375 ,0.000 ,1.500 ,1.181 ,0.077 ,0.001 ,0.013 ,-0.009 ,0.013 ,0.0278 ,0.0042 ,0.0149 ,0.0028 ,0.0113 ,0.0017 ,0.0270 ,0.0027 ,0.0000 
-0.250 ,0.000 ,1.010 ,-0.043 ,0.010 ,-0.010 ,0.002 ,-0.021 ,0.002 ,0.0928 ,0.0124 ,0.1191 ,0.0153 ,0.0162 ,0.0022 ,0.1141 ,0.0099 ,0.0000 
-0.250 ,0.000 ,1.050 ,0.224 ,0.017 ,-0.003 ,0.003 ,-0.079 ,0.006 ,0.2243 ,0.0288 ,0.0590 ,0.0080 ,0.0409 ,0.0041 ,0.1621 ,0.0151 ,0.0000 
-0.250 ,0.000 ,1.125 ,1.198 ,0.078 ,-0.002 ,0.014 ,-0.043 ,0.014 ,0.1176 ,0.0153 ,0.0363 ,0.0053 ,0.0169 ,0.0022 ,0.0854 ,0.0082 ,0.0000 
-0.250 ,0.000 ,1.250 ,1.182 ,0.077 ,0.000 ,0.013 ,-0.024 ,0.013 ,0.0418 ,0.0056 ,0.0185 ,0.0032 ,0.0104 ,0.0016 ,0.0353 ,0.0033 ,0.0000 
-0.250 ,0.000 ,1.500 ,1.173 ,0.076 ,-0.001 ,0.014 ,-0.012 ,0.013 ,0.0298 ,0.0041 ,0.0151 ,0.0028 ,0.0118 ,0.0017 ,0.0284 ,0.0026 ,0.0000 
-0.125 ,0.000 ,1.010 ,0.288 ,0.019 ,-0.026 ,0.004 ,-0.034 ,0.004 ,0.0945 ,0.0125 ,0.1153 ,0.0148 ,0.0126 ,0.0018 ,0.1112 ,0.0097 ,0.0000 
-0.125 ,0.000 ,1.050 ,0.499 ,0.033 ,-0.005 ,0.006 ,-0.085 ,0.008 ,0.1222 ,0.0159 ,0.0676 ,0.0091 ,0.0333 ,0.0035 ,0.1115 ,0.0093 ,0.0000 
-0.125 ,0.000 ,1.125 ,0.984 ,0.065 ,-0.004 ,0.011 ,-0.102 ,0.013 ,0.1106 ,0.0149 ,0.0419 ,0.0060 ,0.0200 ,0.0025 ,0.0863 ,0.0081 ,0.0000 
-0.125 ,0.000 ,1.250 ,1.152 ,0.075 ,-0.002 ,0.013 ,-0.064 ,0.014 ,0.0432 ,0.0058 ,0.0209 ,0.0035 ,0.0095 ,0.0015 ,0.0368 ,0.0035 ,0.0000 
-0.125 ,0.000 ,1.500 ,1.159 ,0.075 ,0.001 ,0.013 ,-0.016 ,0.013 ,0.0335 ,0.0049 ,0.0154 ,0.0030 ,0.0119 ,0.0018 ,0.0304 ,0.0030 ,0.0000 
0.000 ,0.000 ,1.010 ,0.535 ,0.035 ,-0.013 ,0.007 ,-0.052 ,0.007 ,0.0795 ,0.0107 ,0.0786 ,0.0103 ,0.0124 ,0.0018 ,0.0853 ,0.0075 ,0.0000 
0.000 ,0.000 ,1.050 ,0.668 ,0.043 ,-0.010 ,0.008 ,-0.087 ,0.010 ,0.0940 ,0.0125 ,0.0622 ,0.0084 ,0.0245 ,0.0029 ,0.0903 ,0.0077 ,0.0000 
0.000 ,0.000 ,1.125 ,0.966 ,0.063 ,-0.008 ,0.011 ,-0.112 ,0.013 ,0.0817 ,0.0109 ,0.0422 ,0.0061 ,0.0184 ,0.0023 ,0.0712 ,0.0064 ,0.0000 
0.000 ,0.000 ,1.250 ,1.100 ,0.072 ,-0.004 ,0.012 ,-0.087 ,0.014 ,0.0401 ,0.0055 ,0.0223 ,0.0037 ,0.0096 ,0.0015 ,0.0360 ,0.0034 ,0.0000 
0.000 ,0.000 ,1.500 ,1.133 ,0.074 ,-0.004 ,0.013 ,-0.018 ,0.013 ,0.0296 ,0.0041 ,0.0155 ,0.0029 ,0.0109 ,0.0016 ,0.0280 ,0.0026 ,0.0000 
0.050 ,0.000 ,0.005 ,-0.089 ,0.006 ,0.008 ,0.006 ,0.027 ,0.002 ,0.0130 ,0.0019 ,0.0211 ,0.0035 ,0.0041 ,0.0009 ,0.0191 ,0.0020 ,0.0000 
0.050 ,0.000 ,0.050 ,-0.115 ,0.008 ,0.010 ,0.004 ,0.032 ,0.003 ,0.0119 ,0.0017 ,0.0188 ,0.0032 ,0.0065 ,0.0012 ,0.0186 ,0.0019 ,0.0000 
0.050 ,0.000 ,0.125 ,-0.088 ,0.006 ,0.012 ,0.003 ,0.039 ,0.003 ,0.0124 ,0.0018 ,0.0153 ,0.0028 ,0.0103 ,0.0016 ,0.0190 ,0.0019 ,0.0000 
0.050 ,0.000 ,0.250 ,-0.073 ,0.006 ,0.015 ,0.002 ,0.078 ,0.008 ,0.0135 ,0.0019 ,0.0147 ,0.0027 ,0.0134 ,0.0020 ,0.0208 ,0.0019 ,0.0000 
0.050 ,0.000 ,0.500 ,-0.051 ,0.004 ,0.009 ,0.002 ,0.132 ,0.009 ,0.0121 ,0.0017 ,0.0159 ,0.0029 ,0.0142 ,0.0020 ,0.0211 ,0.0020 ,0.0000 
0.050 ,0.000 ,0.750 ,-0.030 ,0.003 ,0.008 ,0.002 ,0.181 ,0.012 ,0.0107 ,0.0015 ,0.0134 ,0.0025 ,0.0123 ,0.0018 ,0.0182 ,0.0017 ,0.0000 
0.050 ,0.000 ,0.875 ,0.000 ,0.002 ,0.006 ,0.001 ,0.165 ,0.011 ,0.0095 ,0.0014 ,0.0127 ,0.0024 ,0.0088 ,0.0014 ,0.0155 ,0.0016 ,0.0000 
0.050 ,0.000 ,0.950 ,0.028 ,0.003 ,0.001 ,0.002 ,0.126 ,0.008 ,0.0091 ,0.0013 ,0.0164 ,0.0029 ,0.0093 ,0.0015 ,0.0174 ,0.0018 ,0.0000 
0.050 ,0.000 ,1.000 ,0.391 ,0.026 ,-0.009 ,0.005 ,-0.062 ,0.006 ,0.0504 ,0.0067 ,0.0212 ,0.0037 ,0.0198 ,0.0025 ,0.0457 ,0.0040 ,0.0000 
0.050 ,0.000 ,1.050 ,0.745 ,0.048 ,-0.007 ,0.009 ,-0.091 ,0.010 ,0.1013 ,0.0133 ,0.0554 ,0.0076 ,0.0249 ,0.0029 ,0.0908 ,0.0078 ,0.0000 
0.050 ,0.000 ,1.125 ,0.980 ,0.064 ,-0.007 ,0.011 ,-0.108 ,0.013 ,0.1050 ,0.0137 ,0.0423 ,0.0060 ,0.0182 ,0.0023 ,0.0827 ,0.0076 ,0.0000 
0.050 ,0.000 ,1.250 ,1.097 ,0.071 ,-0.007 ,0.012 ,-0.092 ,0.014 ,0.0540 ,0.0073 ,0.0208 ,0.0035 ,0.0096 ,0.0015 ,0.0422 ,0.0041 ,0.0000 
0.050 ,0.000 ,1.500 ,1.131 ,0.073 ,-0.003 ,0.013 ,-0.018 ,0.013 ,0.0325 ,0.0044 ,0.0152 ,0.0028 ,0.0112 ,0.0017 ,0.0295 ,0.0027 ,0.0000 
0.125 ,0.000 ,0.005 ,-0.133 ,0.009 ,0.003 ,0.002 ,0.026 ,0.003 ,0.0158 ,0.0023 ,0.0285 ,0.0044 ,0.0059 ,0.0011 ,0.0251 ,0.0026 ,0.0000 
0.125 ,0.000 ,0.050 ,-0.187 ,0.012 ,0.004 ,0.005 ,0.032 ,0.004 ,0.0193 ,0.0027 ,0.0264 ,0.0042 ,0.0080 ,0.0014 ,0.0268 ,0.0026 ,0.0000 
0.125 ,0.000 ,0.125 ,-0.168 ,0.011 ,0.006 ,0.004 ,0.034 ,0.003 ,0.0194 ,0.0028 ,0.0221 ,0.0036 ,0.0125 ,0.0018 ,0.0270 ,0.0025 ,0.0000 
0.125 ,0.000 ,0.250 ,-0.158 ,0.010 ,0.009 ,0.004 ,0.052 ,0.004 ,0.0199 ,0.0028 ,0.0198 ,0.0034 ,0.0149 ,0.0020 ,0.0273 ,0.0024 ,0.0000 
0.125 ,0.000 ,0.500 ,-0.129 ,0.009 ,0.011 ,0.002 ,0.093 ,0.006 ,0.0189 ,0.0027 ,0.0193 ,0.0033 ,0.0150 ,0.0021 ,0.0266 ,0.0024 ,0.0000 
0.125 ,0.000 ,0.750 ,-0.081 ,0.006 ,0.007 ,0.002 ,0.119 ,0.008 ,0.0166 ,0.0023 ,0.0135 ,0.0025 ,0.0155 ,0.0023 ,0.0228 ,0.0021 ,0.0000 
0.125 ,0.000 ,0.875 ,-0.024 ,0.002 ,0.004 ,0.002 ,0.109 ,0.007 ,0.0162 ,0.0023 ,0.0123 ,0.0024 ,0.0155 ,0.0021 ,0.0220 ,0.0019 ,0.0000 
0.125 ,0.000 ,0.950 ,0.127 ,0.008 ,-0.006 ,0.002 ,0.034 ,0.003 ,0.0223 ,0.0031 ,0.0159 ,0.0028 ,0.0248 ,0.0029 ,0.0315 ,0.0025 ,0.0000 
0.125 ,0.000 ,1.000 ,0.547 ,0.036 ,-0.010 ,0.007 ,-0.079 ,0.008 ,0.0762 ,0.0101 ,0.0282 ,0.0044 ,0.0248 ,0.0029 ,0.0646 ,0.0057 ,0.0000 
0.125 ,0.000 ,1.050 ,0.802 ,0.052 ,-0.015 ,0.009 ,-0.104 ,0.011 ,0.1033 ,0.0135 ,0.0550 ,0.0076 ,0.0223 ,0.0027 ,0.0903 ,0.0079 ,0.0000 
0.125 ,0.000 ,1.125 ,0.966 ,0.063 ,-0.011 ,0.014 ,-0.119 ,0.014 ,0.0920 ,0.0121 ,0.0403 ,0.0058 ,0.0176 ,0.0023 ,0.0750 ,0.0068 ,0.0000 
0.125 ,0.000 ,1.250 ,1.089 ,0.071 ,-0.007 ,0.012 ,-0.096 ,0.014 ,0.0550 ,0.0073 ,0.0222 ,0.0036 ,0.0098 ,0.0015 ,0.0436 ,0.0041 ,0.0000 
0.125 ,0.000 ,1.500 ,1.128 ,0.073 ,-0.005 ,0.013 ,-0.019 ,0.013 ,0.0320 ,0.0045 ,0.0154 ,0.0029 ,0.0112 ,0.0017 ,0.0293 ,0.0028 ,0.0000 
0.250 ,0.000 ,0.005 ,-0.167 ,0.013 ,0.007 ,0.003 ,0.387 ,0.026 ,0.0173 ,0.0024 ,0.0404 ,0.0058 ,0.0018 ,0.0006 ,0.0298 ,0.0032 ,0.0000 
0.250 ,0.000 ,0.050 ,-0.164 ,0.011 ,0.007 ,0.003 ,0.059 ,0.005 ,0.0304 ,0.0041 ,0.0389 ,0.0056 ,0.0107 ,0.0020 ,0.0400 ,0.0036 ,0.0000 
0.250 ,0.000 ,0.125 ,-0.185 ,0.013 ,0.001 ,0.004 ,0.029 ,0.004 ,0.0231 ,0.0032 ,0.0355 ,0.0052 ,0.0177 ,0.0023 ,0.0381 ,0.0033 ,0.0000 
0.250 ,0.000 ,0.250 ,-0.196 ,0.013 ,0.001 ,0.003 ,0.028 ,0.003 ,0.0236 ,0.0032 ,0.0323 ,0.0048 ,0.0242 ,0.0028 ,0.0400 ,0.0032 ,0.0000 
0.250 ,0.000 ,0.500 ,-0.159 ,0.011 ,0.007 ,0.004 ,0.055 ,0.005 ,0.0241 ,0.0034 ,0.0298 ,0.0046 ,0.0259 ,0.0030 ,0.0399 ,0.0032 ,0.0000 
0.250 ,0.000 ,0.750 ,-0.086 ,0.006 ,0.006 ,0.002 ,0.058 ,0.004 ,0.0232 ,0.0032 ,0.0282 ,0.0044 ,0.0278 ,0.0032 ,0.0396 ,0.0031 ,0.0000 
0.250 ,0.000 ,0.875 ,0.015 ,0.003 ,-0.001 ,0.002 ,0.016 ,0.003 ,0.0272 ,0.0037 ,0.0272 ,0.0042 ,0.0332 ,0.0036 ,0.0438 ,0.0033 ,0.0000 
0.250 ,0.000 ,0.950 ,0.315 ,0.021 ,-0.015 ,0.005 ,-0.082 ,0.007 ,0.0442 ,0.0059 ,0.0333 ,0.0050 ,0.0419 ,0.0042 ,0.0597 ,0.0044 ,0.0000 
0.250 ,0.000 ,1.000 ,0.645 ,0.043 ,-0.011 ,0.009 ,-0.128 ,0.012 ,0.0885 ,0.0116 ,0.0425 ,0.0062 ,0.0290 ,0.0032 ,0.0800 ,0.0068 ,0.0000 
0.250 ,0.000 ,1.050 ,0.853 ,0.056 ,-0.009 ,0.010 ,-0.143 ,0.014 ,0.0912 ,0.0119 ,0.0495 ,0.0070 ,0.0214 ,0.0026 ,0.0811 ,0.0070 ,0.0000 
0.250 ,0.000 ,1.125 ,0.995 ,0.065 ,-0.011 ,0.012 ,-0.134 ,0.014 ,0.0795 ,0.0107 ,0.0374 ,0.0054 ,0.0158 ,0.0021 ,0.0664 ,0.0061 ,0.0000 
0.250 ,0.000 ,1.250 ,1.080 ,0.070 ,-0.009 ,0.012 ,-0.112 ,0.014 ,0.0514 ,0.0068 ,0.0234 ,0.0038 ,0.0106 ,0.0016 ,0.0427 ,0.0040 ,0.0000 
0.250 ,0.000 ,1.500 ,1.129 ,0.074 ,-0.003 ,0.013 ,-0.019 ,0.013 ,0.0325 ,0.0045 ,0.0156 ,0.0029 ,0.0102 ,0.0016 ,0.0292 ,0.0028 ,0.0000 
0.375 ,0.000 ,0.005 ,-0.143 ,0.010 ,0.001 ,0.005 ,0.020 ,0.002 ,0.0204 ,0.0029 ,0.0527 ,0.0073 ,0.0073 ,0.0013 ,0.0402 ,0.0040 ,0.0000 
0.375 ,0.000 ,0.050 ,-0.128 ,0.009 ,0.002 ,0.007 ,0.028 ,0.003 ,0.0282 ,0.0038 ,0.0512 ,0.0071 ,0.0149 ,0.0020 ,0.0471 ,0.0042 ,0.0000 
0.375 ,0.000 ,0.125 ,-0.135 ,0.011 ,-0.004 ,0.006 ,0.023 ,0.003 ,0.0265 ,0.0036 ,0.0477 ,0.0067 ,0.0240 ,0.0028 ,0.0491 ,0.0041 ,0.0000 
0.375 ,0.000 ,0.250 ,-0.149 ,0.011 ,-0.005 ,0.006 ,0.036 ,0.005 ,0.0268 ,0.0037 ,0.0423 ,0.0062 ,0.0307 ,0.0034 ,0.0499 ,0.0040 ,0.0000 
0.375 ,0.000 ,0.500 ,-0.121 ,0.008 ,-0.006 ,0.003 ,0.021 ,0.003 ,0.0282 ,0.0039 ,0.0420 ,0.0064 ,0.0347 ,0.0037 ,0.0524 ,0.0042 ,0.0000 
0.375 ,0.000 ,0.750 ,-0.028 ,0.005 ,0.001 ,0.004 ,0.011 ,0.003 ,0.0287 ,0.0040 ,0.0480 ,0.0067 ,0.0458 ,0.0045 ,0.0613 ,0.0045 ,0.0000 
0.375 ,0.000 ,0.875 ,0.144 ,0.010 ,-0.008 ,0.003 ,-0.061 ,0.006 ,0.0383 ,0.0052 ,0.0433 ,0.0063 ,0.0514 ,0.0049 ,0.0665 ,0.0047 ,0.0000 
0.375 ,0.000 ,0.950 ,0.461 ,0.031 ,-0.014 ,0.005 ,-0.134 ,0.010 ,0.0616 ,0.0082 ,0.0456 ,0.0065 ,0.0458 ,0.0045 ,0.0765 ,0.0057 ,0.0000 
0.375 ,0.000 ,1.000 ,0.710 ,0.047 ,-0.003 ,0.008 ,-0.154 ,0.013 ,0.0952 ,0.0125 ,0.0445 ,0.0063 ,0.0322 ,0.0035 ,0.0859 ,0.0072 ,0.0000 
0.375 ,0.000 ,1.050 ,0.882 ,0.057 ,-0.002 ,0.011 ,-0.158 ,0.014 ,0.0936 ,0.0124 ,0.0422 ,0.0060 ,0.0229 ,0.0028 ,0.0794 ,0.0070 ,0.0000 
0.375 ,0.000 ,1.125 ,0.980 ,0.064 ,-0.001 ,0.011 ,-0.146 ,0.015 ,0.0773 ,0.0104 ,0.0336 ,0.0050 ,0.0160 ,0.0022 ,0.0635 ,0.0059 ,0.0000 
0.375 ,0.000 ,1.250 ,1.070 ,0.070 ,0.004 ,0.012 ,-0.120 ,0.014 ,0.0507 ,0.0069 ,0.0240 ,0.0039 ,0.0106 ,0.0016 ,0.0426 ,0.0040 ,0.0000 
0.375 ,0.000 ,1.500 ,1.127 ,0.074 ,0.006 ,0.013 ,-0.020 ,0.013 ,0.0294 ,0.0041 ,0.0149 ,0.0027 ,0.0114 ,0.0017 ,0.0279 ,0.0026 ,0.0000 
0.500 ,0.000 ,0.005 ,-0.084 ,0.007 ,0.011 ,0.002 ,0.010 ,0.002 ,0.0156 ,0.0022 ,0.0468 ,0.0066 ,0.0066 ,0.0012 ,0.0345 ,0.0035 ,0.0000 
0.500 ,0.000 ,0.050 ,-0.053 ,0.004 ,0.009 ,0.005 ,0.016 ,0.002 ,0.0309 ,0.0042 ,0.0481 ,0.0068 ,0.0177 ,0.0023 ,0.0484 ,0.0041 ,0.0000 
0.500 ,0.000 ,0.125 ,-0.035 ,0.005 ,0.010 ,0.002 ,0.023 ,0.002 ,0.0283 ,0.0039 ,0.0513 ,0.0073 ,0.0262 ,0.0030 ,0.0529 ,0.0044 ,0.0000 
0.500 ,0.000 ,0.250 ,-0.048 ,0.005 ,0.005 ,0.004 ,0.029 ,0.003 ,0.0299 ,0.0041 ,0.0532 ,0.0075 ,0.0349 ,0.0037 ,0.0590 ,0.0047 ,0.0000 
0.500 ,0.000 ,0.500 ,-0.022 ,0.002 ,0.004 ,0.002 ,-0.018 ,0.005 ,0.0310 ,0.0042 ,0.0531 ,0.0074 ,0.0465 ,0.0046 ,0.0653 ,0.0048 ,0.0000 
0.500 ,0.000 ,0.750 ,0.095 ,0.008 ,0.004 ,0.004 ,-0.040 ,0.005 ,0.0357 ,0.0048 ,0.0561 ,0.0077 ,0.0505 ,0.0048 ,0.0711 ,0.0051 ,0.0000 
0.500 ,0.000 ,0.875 ,0.280 ,0.019 ,-0.003 ,0.006 ,-0.112 ,0.008 ,0.0473 ,0.0064 ,0.0601 ,0.0091 ,0.0577 ,0.0054 ,0.0826 ,0.0062 ,0.0000 
0.500 ,0.000 ,0.950 ,0.546 ,0.036 ,-0.006 ,0.008 ,-0.149 ,0.012 ,0.0708 ,0.0095 ,0.0507 ,0.0071 ,0.0447 ,0.0044 ,0.0831 ,0.0063 ,0.0000 
0.500 ,0.000 ,1.000 ,0.735 ,0.048 ,-0.004 ,0.008 ,-0.172 ,0.014 ,0.0991 ,0.0130 ,0.0441 ,0.0063 ,0.0328 ,0.0036 ,0.0880 ,0.0074 ,0.0000 
0.500 ,0.000 ,1.050 ,0.869 ,0.057 ,-0.004 ,0.011 ,-0.160 ,0.014 ,0.0873 ,0.0114 ,0.0396 ,0.0057 ,0.0224 ,0.0027 ,0.0747 ,0.0065 ,0.0000 
0.500 ,0.000 ,1.125 ,0.966 ,0.063 ,-0.003 ,0.011 ,-0.153 ,0.015 ,0.0718 ,0.0096 ,0.0337 ,0.0054 ,0.0166 ,0.0022 ,0.0611 ,0.0056 ,0.0000 
0.500 ,0.000 ,1.250 ,1.055 ,0.069 ,0.002 ,0.012 ,-0.116 ,0.014 ,0.0565 ,0.0079 ,0.0246 ,0.0040 ,0.0107 ,0.0016 ,0.0459 ,0.0045 ,0.0000 
0.500 ,0.000 ,1.500 ,1.116 ,0.072 ,0.005 ,0.012 ,-0.019 ,0.013 ,0.0281 ,0.0040 ,0.0166 ,0.0030 ,0.0107 ,0.0016 ,0.0277 ,0.0026 ,0.0000 
0.750 ,0.000 ,0.005 ,0.020 ,0.002 ,0.006 ,0.002 ,0.001 ,0.000 ,0.0156 ,0.0022 ,0.0426 ,0.0062 ,0.0036 ,0.0008 ,0.0309 ,0.0033 ,0.0000 
0.750 ,0.000 ,0.050 ,0.097 ,0.006 ,0.005 ,0.002 ,0.001 ,0.002 ,0.0392 ,0.0053 ,0.0461 ,0.0065 ,0.0167 ,0.0022 ,0.0510 ,0.0043 ,0.0000 
0.750 ,0.000 ,0.125 ,0.117 ,0.010 ,0.002 ,0.003 ,0.001 ,0.002 ,0.0414 ,0.0055 ,0.0523 ,0.0074 ,0.0249 ,0.0029 ,0.0593 ,0.0048 ,0.0000 
0.750 ,0.000 ,0.250 ,0.126 ,0.009 ,0.000 ,0.002 ,-0.001 ,0.004 ,0.0416 ,0.0056 ,0.0565 ,0.0077 ,0.0369 ,0.0039 ,0.0675 ,0.0052 ,0.0000 
0.750 ,0.000 ,0.500 ,0.194 ,0.013 ,0.000 ,0.004 ,-0.035 ,0.004 ,0.0464 ,0.0062 ,0.0687 ,0.0100 ,0.0477 ,0.0048 ,0.0814 ,0.0063 ,0.0000 
0.750 ,0.000 ,0.750 ,0.315 ,0.021 ,-0.001 ,0.005 ,-0.088 ,0.008 ,0.0514 ,0.0070 ,0.0679 ,0.0091 ,0.0601 ,0.0054 ,0.0897 ,0.0063 ,0.0000 
0.750 ,0.000 ,0.875 ,0.505 ,0.033 ,-0.001 ,0.006 ,-0.127 ,0.010 ,0.0702 ,0.0093 ,0.0594 ,0.0081 ,0.0511 ,0.0049 ,0.0903 ,0.0066 ,0.0000 
0.750 ,0.000 ,0.950 ,0.672 ,0.044 ,-0.009 ,0.009 ,-0.149 ,0.013 ,0.0923 ,0.0121 ,0.0490 ,0.0070 ,0.0380 ,0.0039 ,0.0896 ,0.0073 ,0.0000 
0.750 ,0.000 ,1.000 ,0.777 ,0.052 ,-0.001 ,0.010 ,-0.149 ,0.013 ,0.0863 ,0.0115 ,0.0417 ,0.0060 ,0.0300 ,0.0033 ,0.0790 ,0.0067 ,0.0000 
0.750 ,0.000 ,1.050 ,0.866 ,0.057 ,-0.002 ,0.010 ,-0.147 ,0.014 ,0.0789 ,0.0103 ,0.0380 ,0.0055 ,0.0248 ,0.0029 ,0.0708 ,0.0060 ,0.0000 
0.750 ,0.000 ,1.125 ,0.949 ,0.062 ,-0.001 ,0.011 ,-0.143 ,0.014 ,0.0629 ,0.0084 ,0.0307 ,0.0048 ,0.0168 ,0.0022 ,0.0552 ,0.0049 ,0.0000 
0.750 ,0.000 ,1.250 ,1.018 ,0.066 ,0.003 ,0.012 ,-0.120 ,0.014 ,0.0505 ,0.0069 ,0.0224 ,0.0039 ,0.0127 ,0.0018 ,0.0428 ,0.0041 ,0.0000 
0.750 ,0.000 ,1.500 ,1.105 ,0.071 ,0.004 ,0.013 ,-0.021 ,0.013 ,0.0415 ,0.0056 ,0.0157 ,0.0029 ,0.0109 ,0.0017 ,0.0340 ,0.0033 ,0.0000 
1.000 ,0.000 ,0.005 ,0.051 ,0.004 ,0.002 ,0.005 ,0.011 ,0.001 ,0.0040 ,0.0007 ,0.0347 ,0.0051 ,0.0011 ,0.0004 ,0.0199 ,0.0026 ,0.0000 
1.000 ,0.000 ,0.050 ,0.205 ,0.014 ,-0.002 ,0.008 ,-0.012 ,0.003 ,0.0334 ,0.0045 ,0.0399 ,0.0060 ,0.0162 ,0.0022 ,0.0447 ,0.0039 ,0.0000 
1.000 ,0.000 ,0.125 ,0.242 ,0.016 ,-0.004 ,0.005 ,-0.020 ,0.004 ,0.0377 ,0.0051 ,0.0481 ,0.0068 ,0.0237 ,0.0030 ,0.0547 ,0.0045 ,0.0000 
1.000 ,0.000 ,0.250 ,0.274 ,0.019 ,-0.008 ,0.005 ,-0.024 ,0.004 ,0.0420 ,0.0057 ,0.0550 ,0.0076 ,0.0358 ,0.0038 ,0.0664 ,0.0051 ,0.0000 
1.000 ,0.000 ,0.500 ,0.356 ,0.023 ,-0.008 ,0.005 ,-0.058 ,0.006 ,0.0410 ,0.0055 ,0.0639 ,0.0090 ,0.0456 ,0.0045 ,0.0752 ,0.0058 ,0.0000 
1.000 ,0.000 ,0.750 ,0.482 ,0.032 ,-0.003 ,0.006 ,-0.097 ,0.009 ,0.0566 ,0.0076 ,0.0598 ,0.0082 ,0.0520 ,0.0049 ,0.0842 ,0.0061 ,0.0000 
1.000 ,0.000 ,0.875 ,0.623 ,0.041 ,-0.006 ,0.007 ,-0.113 ,0.011 ,0.0689 ,0.0091 ,0.0502 ,0.0070 ,0.0398 ,0.0041 ,0.0794 ,0.0061 ,0.0000 
1.000 ,0.000 ,0.950 ,0.752 ,0.050 ,-0.003 ,0.009 ,-0.121 ,0.012 ,0.0760 ,0.0100 ,0.0409 ,0.0060 ,0.0340 ,0.0037 ,0.0754 ,0.0061 ,0.0000 
1.000 ,0.000 ,1.000 ,0.827 ,0.054 ,-0.005 ,0.009 ,-0.136 ,0.013 ,0.0781 ,0.0102 ,0.0402 ,0.0058 ,0.0284 ,0.0032 ,0.0733 ,0.0061 ,0.0000 
1.000 ,0.000 ,1.050 ,0.892 ,0.058 ,-0.004 ,0.010 ,-0.132 ,0.014 ,0.0750 ,0.0099 ,0.0357 ,0.0053 ,0.0231 ,0.0028 ,0.0669 ,0.0058 ,0.0000 
1.000 ,0.000 ,1.125 ,0.967 ,0.063 ,0.000 ,0.012 ,-0.127 ,0.014 ,0.0646 ,0.0085 ,0.0293 ,0.0045 ,0.0164 ,0.0022 ,0.0552 ,0.0049 ,0.0000 
1.000 ,0.000 ,1.250 ,1.012 ,0.066 ,0.001 ,0.011 ,-0.112 ,0.013 ,0.0539 ,0.0072 ,0.0222 ,0.0037 ,0.0126 ,0.0019 ,0.0444 ,0.0042 ,0.0000 
1.000 ,0.000 ,1.500 ,1.103 ,0.071 ,0.002 ,0.013 ,-0.020 ,0.013 ,0.0395 ,0.0054 ,0.0149 ,0.0027 ,0.0114 ,0.0017 ,0.0329 ,0.0031 ,0.0000 
1.250 ,0.000 ,0.005 ,0.059 ,0.006 ,-0.006 ,0.007 ,0.011 ,0.001 ,0.0040 ,0.0008 ,0.0346 ,0.0052 ,0.0011 ,0.0004 ,0.0199 ,0.0026 ,0.0000 
1.250 ,0.000 ,0.050 ,0.272 ,0.018 ,-0.005 ,0.004 ,-0.020 ,0.004 ,0.0306 ,0.0042 ,0.0343 ,0.0053 ,0.0137 ,0.0019 ,0.0393 ,0.0035 ,0.0000 
1.250 ,0.000 ,0.125 ,0.303 ,0.020 ,-0.007 ,0.008 ,-0.029 ,0.004 ,0.0301 ,0.0042 ,0.0355 ,0.0053 ,0.0202 ,0.0025 ,0.0429 ,0.0036 ,0.0000 
1.250 ,0.000 ,0.250 ,0.369 ,0.024 ,-0.006 ,0.008 ,-0.038 ,0.005 ,0.0366 ,0.0050 ,0.0488 ,0.0073 ,0.0282 ,0.0032 ,0.0568 ,0.0047 ,0.0000 
1.250 ,0.000 ,0.500 ,0.451 ,0.030 ,-0.007 ,0.006 ,-0.074 ,0.007 ,0.0423 ,0.0058 ,0.0551 ,0.0077 ,0.0376 ,0.0039 ,0.0675 ,0.0052 ,0.0000 
1.250 ,0.000 ,0.750 ,0.563 ,0.037 ,-0.004 ,0.007 ,-0.092 ,0.009 ,0.0521 ,0.0070 ,0.0463 ,0.0065 ,0.0383 ,0.0040 ,0.0683 ,0.0052 ,0.0000 
1.250 ,0.000 ,0.875 ,0.678 ,0.044 ,-0.005 ,0.010 ,-0.104 ,0.010 ,0.0639 ,0.0084 ,0.0418 ,0.0061 ,0.0339 ,0.0036 ,0.0698 ,0.0055 ,0.0000 
1.250 ,0.000 ,0.950 ,0.776 ,0.051 ,-0.002 ,0.009 ,-0.114 ,0.012 ,0.0643 ,0.0085 ,0.0390 ,0.0057 ,0.0294 ,0.0033 ,0.0663 ,0.0054 ,0.0000 
1.250 ,0.000 ,1.000 ,0.870 ,0.057 ,-0.003 ,0.011 ,-0.114 ,0.013 ,0.0722 ,0.0095 ,0.0358 ,0.0053 ,0.0259 ,0.0031 ,0.0669 ,0.0057 ,0.0000 
1.250 ,0.000 ,1.050 ,0.883 ,0.059 ,-0.002 ,0.011 ,-0.109 ,0.012 ,0.0658 ,0.0090 ,0.0307 ,0.0048 ,0.0210 ,0.0026 ,0.0587 ,0.0053 ,0.0000 
1.250 ,0.000 ,1.125 ,0.956 ,0.062 ,0.000 ,0.011 ,-0.114 ,0.013 ,0.0595 ,0.0079 ,0.0282 ,0.0044 ,0.0165 ,0.0022 ,0.0521 ,0.0046 ,0.0000 
1.250 ,0.000 ,1.250 ,1.005 ,0.065 ,0.000 ,0.011 ,-0.110 ,0.013 ,0.0456 ,0.0061 ,0.0217 ,0.0037 ,0.0121 ,0.0018 ,0.0397 ,0.0037 ,0.0000 
1.250 ,0.000 ,1.500 ,1.105 ,0.072 ,0.012 ,0.012 ,-0.020 ,0.013 ,0.0325 ,0.0045 ,0.0151 ,0.0028 ,0.0110 ,0.0017 ,0.0293 ,0.0028 ,0.0000 
-1.000 ,0.000 ,0.0625 ,0.251 ,0.017 ,0.008 ,0.004 ,-0.043 ,0.006 ,0.0324 ,0.0044 ,0.0048 ,0.0013 ,0.0048 ,0.0010 ,0.0210 ,0.0024 ,0.0000 
-1.000 ,0.125 ,0.0625 ,0.281 ,0.019 ,0.088 ,0.007 ,-0.044 ,0.006 ,0.0277 ,0.0038 ,0.0049 ,0.0013 ,0.0057 ,0.0011 ,0.0192 ,0.0021 ,0.0000 
-1.000 ,0.200 ,0.0625 ,0.309 ,0.020 ,0.109 ,0.008 ,-0.043 ,0.006 ,0.0270 ,0.0037 ,0.0060 ,0.0015 ,0.0052 ,0.0011 ,0.0191 ,0.0021 ,0.0000 
-1.000 ,0.250 ,0.0625 ,0.323 ,0.021 ,0.123 ,0.009 ,-0.046 ,0.006 ,0.0250 ,0.0035 ,0.0071 ,0.0016 ,0.0065 ,0.0012 ,0.0193 ,0.0020 ,0.0000 
-1.000 ,0.300 ,0.0625 ,0.358 ,0.024 ,0.150 ,0.011 ,-0.038 ,0.006 ,0.0249 ,0.0035 ,0.0083 ,0.0018 ,0.0066 ,0.0012 ,0.0199 ,0.0021 ,0.0000 
-1.000 ,0.375 ,0.0625 ,0.412 ,0.027 ,0.153 ,0.011 ,-0.022 ,0.006 ,0.0262 ,0.0036 ,0.0103 ,0.0021 ,0.0059 ,0.0012 ,0.0212 ,0.0022 ,0.0000 
-1.000 ,0.500 ,0.0625 ,0.482 ,0.032 ,0.171 ,0.013 ,0.020 ,0.007 ,0.0263 ,0.0036 ,0.0129 ,0.0025 ,0.0062 ,0.0012 ,0.0227 ,0.0023 ,0.0000 
-1.000 ,0.625 ,0.0625 ,0.505 ,0.033 ,0.180 ,0.013 ,0.016 ,0.007 ,0.0264 ,0.0037 ,0.0175 ,0.0031 ,0.0053 ,0.0012 ,0.0246 ,0.0025 ,0.0000 
-1.000 ,0.750 ,0.0625 ,0.533 ,0.035 ,0.180 ,0.013 ,0.011 ,0.007 ,0.0235 ,0.0033 ,0.0203 ,0.0034 ,0.0052 ,0.0012 ,0.0245 ,0.0024 ,0.0000 
-1.000 ,1.000 ,0.0625 ,0.570 ,0.037 ,0.117 ,0.010 ,0.009 ,0.008 ,0.0221 ,0.0031 ,0.0195 ,0.0033 ,0.0049 ,0.0012 ,0.0233 ,0.0023 ,0.0000 
-0.750 ,0.000 ,0.0625 ,-0.064 ,0.006 ,0.014 ,0.003 ,0.017 ,0.004 ,0.0544 ,0.0073 ,0.0056 ,0.0014 ,0.0284 ,0.0032 ,0.0442 ,0.0040 ,0.0000 
-0.750 ,0.125 ,0.0625 ,0.074 ,0.006 ,0.137 ,0.009 ,-0.009 ,0.004 ,0.0459 ,0.0062 ,0.0101 ,0.0021 ,0.0264 ,0.0030 ,0.0412 ,0.0036 ,0.0000 
-0.750 ,0.200 ,0.0625 ,0.166 ,0.011 ,0.164 ,0.011 ,-0.010 ,0.005 ,0.0465 ,0.0063 ,0.0159 ,0.0028 ,0.0281 ,0.0032 ,0.0452 ,0.0038 ,0.0000 
-0.750 ,0.250 ,0.0625 ,0.225 ,0.015 ,0.180 ,0.012 ,-0.009 ,0.005 ,0.0521 ,0.0070 ,0.0206 ,0.0035 ,0.0321 ,0.0035 ,0.0524 ,0.0043 ,0.0000 
-0.750 ,0.300 ,0.0625 ,0.302 ,0.020 ,0.216 ,0.015 ,-0.006 ,0.005 ,0.0609 ,0.0082 ,0.0232 ,0.0038 ,0.0398 ,0.0041 ,0.0620 ,0.0049 ,0.0000 
-0.750 ,0.375 ,0.0625 ,0.366 ,0.024 ,0.230 ,0.016 ,-0.002 ,0.006 ,0.0636 ,0.0085 ,0.0280 ,0.0044 ,0.0310 ,0.0035 ,0.0613 ,0.0051 ,0.0000 
-0.750 ,0.500 ,0.0625 ,0.471 ,0.031 ,0.243 ,0.017 ,0.039 ,0.007 ,0.0421 ,0.0057 ,0.0294 ,0.0045 ,0.0186 ,0.0025 ,0.0450 ,0.0039 ,0.0000 
-0.750 ,0.625 ,0.0625 ,0.535 ,0.035 ,0.191 ,0.014 ,0.026 ,0.007 ,0.0281 ,0.0039 ,0.0312 ,0.0048 ,0.0102 ,0.0018 ,0.0347 ,0.0032 ,0.0000 
-0.750 ,0.750 ,0.0625 ,0.601 ,0.039 ,0.174 ,0.014 ,0.013 ,0.008 ,0.0238 ,0.0033 ,0.0294 ,0.0045 ,0.0070 ,0.0015 ,0.0301 ,0.0029 ,0.0000 
-0.750 ,1.000 ,0.0625 ,0.603 ,0.039 ,0.129 ,0.011 ,0.009 ,0.008 ,0.0206 ,0.0029 ,0.0243 ,0.0039 ,0.0056 ,0.0013 ,0.0253 ,0.0025 ,0.0000 
-0.625 ,0.000 ,0.0625 ,0.027 ,0.004 ,0.021 ,0.003 ,-0.113 ,0.008 ,0.0327 ,0.0045 ,0.0059 ,0.0015 ,0.0399 ,0.0040 ,0.0393 ,0.0031 ,0.0000 
-0.625 ,0.125 ,0.0625 ,0.106 ,0.008 ,0.175 ,0.012 ,-0.112 ,0.008 ,0.0354 ,0.0048 ,0.0116 ,0.0023 ,0.0462 ,0.0045 ,0.0466 ,0.0035 ,0.0000 
-0.625 ,0.200 ,0.0625 ,0.172 ,0.012 ,0.226 ,0.015 ,-0.098 ,0.008 ,0.0368 ,0.0050 ,0.0156 ,0.0028 ,0.0487 ,0.0047 ,0.0506 ,0.0037 ,0.0000 
-0.625 ,0.250 ,0.0625 ,0.256 ,0.017 ,0.309 ,0.021 ,-0.090 ,0.008 ,0.0478 ,0.0065 ,0.0216 ,0.0036 ,0.0536 ,0.0050 ,0.0615 ,0.0045 ,0.0000 
-0.625 ,0.300 ,0.0625 ,0.301 ,0.020 ,0.398 ,0.026 ,-0.082 ,0.008 ,0.0554 ,0.0074 ,0.0238 ,0.0039 ,0.0607 ,0.0055 ,0.0700 ,0.0050 ,0.0000 
-0.625 ,0.375 ,0.0625 ,0.415 ,0.027 ,0.391 ,0.026 ,-0.048 ,0.007 ,0.0489 ,0.0066 ,0.0299 ,0.0046 ,0.0504 ,0.0049 ,0.0646 ,0.0047 ,0.0000 
-0.625 ,0.500 ,0.0625 ,0.495 ,0.032 ,0.348 ,0.024 ,0.019 ,0.007 ,0.0432 ,0.0059 ,0.0313 ,0.0048 ,0.0332 ,0.0036 ,0.0539 ,0.0042 ,0.0000 
-0.625 ,0.625 ,0.0625 ,0.573 ,0.037 ,0.260 ,0.018 ,0.035 ,0.008 ,0.0348 ,0.0048 ,0.0365 ,0.0054 ,0.0153 ,0.0023 ,0.0433 ,0.0038 ,0.0000 
-0.625 ,0.750 ,0.0625 ,0.619 ,0.040 ,0.226 ,0.017 ,0.017 ,0.008 ,0.0277 ,0.0038 ,0.0338 ,0.0051 ,0.0092 ,0.0017 ,0.0354 ,0.0033 ,0.0000 
-0.625 ,1.000 ,0.0625 ,0.610 ,0.040 ,0.139 ,0.012 ,0.009 ,0.008 ,0.0202 ,0.0029 ,0.0280 ,0.0044 ,0.0056 ,0.0013 ,0.0269 ,0.0027 ,0.0000 
-0.550 ,0.000 ,0.0625 ,0.009 ,0.005 ,0.027 ,0.003 ,-0.268 ,0.018 ,0.0207 ,0.0029 ,0.0062 ,0.0015 ,0.0451 ,0.0044 ,0.0360 ,0.0028 ,0.0000 
-0.550 ,0.125 ,0.0625 ,0.110 ,0.009 ,0.268 ,0.018 ,-0.251 ,0.017 ,0.0292 ,0.0040 ,0.0126 ,0.0024 ,0.0480 ,0.0046 ,0.0449 ,0.0033 ,0.0000 
-0.550 ,0.200 ,0.0625 ,0.249 ,0.017 ,0.492 ,0.032 ,-0.217 ,0.015 ,0.0350 ,0.0048 ,0.0204 ,0.0034 ,0.0529 ,0.0050 ,0.0541 ,0.0039 ,0.0000 
-0.550 ,0.250 ,0.0625 ,0.327 ,0.022 ,0.563 ,0.037 ,-0.172 ,0.013 ,0.0490 ,0.0066 ,0.0283 ,0.0044 ,0.0597 ,0.0055 ,0.0685 ,0.0048 ,0.0000 
-0.550 ,0.300 ,0.0625 ,0.380 ,0.025 ,0.545 ,0.036 ,-0.132 ,0.011 ,0.0473 ,0.0064 ,0.0320 ,0.0048 ,0.0710 ,0.0062 ,0.0752 ,0.0051 ,0.0000 
-0.550 ,0.375 ,0.0625 ,0.452 ,0.030 ,0.499 ,0.033 ,-0.090 ,0.009 ,0.0424 ,0.0058 ,0.0345 ,0.0051 ,0.0580 ,0.0054 ,0.0674 ,0.0047 ,0.0000 
-0.550 ,0.500 ,0.0625 ,0.558 ,0.036 ,0.389 ,0.026 ,-0.015 ,0.008 ,0.0379 ,0.0052 ,0.0338 ,0.0051 ,0.0390 ,0.0041 ,0.0553 ,0.0041 ,0.0000 
-0.550 ,0.625 ,0.0625 ,0.624 ,0.041 ,0.329 ,0.023 ,0.022 ,0.008 ,0.0349 ,0.0048 ,0.0391 ,0.0057 ,0.0210 ,0.0028 ,0.0475 ,0.0040 ,0.0000 
-0.550 ,0.750 ,0.0625 ,0.613 ,0.040 ,0.266 ,0.019 ,0.017 ,0.008 ,0.0271 ,0.0038 ,0.0381 ,0.0056 ,0.0102 ,0.0019 ,0.0377 ,0.0035 ,0.0000 
-0.550 ,1.000 ,0.0625 ,0.621 ,0.040 ,0.158 ,0.013 ,0.011 ,0.008 ,0.0205 ,0.0029 ,0.0291 ,0.0045 ,0.0051 ,0.0013 ,0.0274 ,0.0027 ,0.0000 
-0.500 ,0.260 ,0.0625 ,0.485 ,0.033 ,0.700 ,0.046 ,-0.326 ,0.022 ,0.0311 ,0.0043 ,0.0415 ,0.0061 ,0.0262 ,0.0030 ,0.0494 ,0.0040 ,0.0000 
-0.500 ,0.300 ,0.0625 ,0.517 ,0.035 ,0.626 ,0.041 ,-0.418 ,0.028 ,0.0387 ,0.0052 ,0.0477 ,0.0068 ,0.0279 ,0.0031 ,0.0571 ,0.0046 ,0.0000 
-0.500 ,0.375 ,0.0625 ,0.568 ,0.037 ,0.482 ,0.032 ,-0.232 ,0.017 ,0.0373 ,0.0053 ,0.0455 ,0.0068 ,0.0307 ,0.0034 ,0.0568 ,0.0047 ,0.0000 
-0.500 ,0.500 ,0.0625 ,0.626 ,0.041 ,0.329 ,0.023 ,-0.039 ,0.009 ,0.0269 ,0.0037 ,0.0380 ,0.0056 ,0.0340 ,0.0038 ,0.0495 ,0.0038 ,0.0000 
-0.500 ,0.625 ,0.0625 ,0.637 ,0.042 ,0.284 ,0.021 ,0.026 ,0.008 ,0.0269 ,0.0037 ,0.0400 ,0.0059 ,0.0207 ,0.0026 ,0.0438 ,0.0037 ,0.0000 
-0.500 ,0.750 ,0.0625 ,0.638 ,0.041 ,0.238 ,0.018 ,0.018 ,0.007 ,0.0255 ,0.0035 ,0.0391 ,0.0058 ,0.0124 ,0.0018 ,0.0385 ,0.0035 ,0.0000 
-0.500 ,1.000 ,0.0625 ,0.642 ,0.042 ,0.172 ,0.015 ,0.012 ,0.007 ,0.0184 ,0.0026 ,0.0328 ,0.0051 ,0.0054 ,0.0010 ,0.0283 ,0.0029 ,0.0000 
-0.375 ,0.260 ,0.0625 ,-0.021 ,0.006 ,-0.031 ,0.002 ,-0.024 ,0.003 ,0.0845 ,0.0111 ,0.0146 ,0.0027 ,0.0188 ,0.0024 ,0.0590 ,0.0058 ,0.0000 
-0.375 ,0.300 ,0.0625 ,0.303 ,0.021 ,0.063 ,0.005 ,-0.142 ,0.010 ,0.1264 ,0.0164 ,0.0173 ,0.0030 ,0.0235 ,0.0028 ,0.0836 ,0.0085 ,0.0000 
-0.375 ,0.375 ,0.0625 ,0.815 ,0.053 ,0.202 ,0.016 ,-0.157 ,0.014 ,0.0895 ,0.0117 ,0.0241 ,0.0039 ,0.0253 ,0.0029 ,0.0695 ,0.0063 ,0.0000 
-0.375 ,0.500 ,0.0625 ,0.753 ,0.049 ,0.291 ,0.021 ,-0.082 ,0.010 ,0.0371 ,0.0053 ,0.0395 ,0.0057 ,0.0255 ,0.0030 ,0.0510 ,0.0042 ,0.0000 
-0.375 ,0.625 ,0.0625 ,0.684 ,0.044 ,0.265 ,0.020 ,0.006 ,0.008 ,0.0254 ,0.0036 ,0.0398 ,0.0058 ,0.0195 ,0.0025 ,0.0424 ,0.0036 ,0.0000 
-0.375 ,0.750 ,0.0625 ,0.688 ,0.045 ,0.233 ,0.017 ,0.015 ,0.008 ,0.0224 ,0.0031 ,0.0355 ,0.0052 ,0.0127 ,0.0018 ,0.0353 ,0.0032 ,0.0000 
-0.375 ,1.000 ,0.0625 ,0.673 ,0.044 ,0.167 ,0.015 ,0.015 ,0.008 ,0.0181 ,0.0026 ,0.0319 ,0.0049 ,0.0059 ,0.0011 ,0.0280 ,0.0028 ,0.0000 
-0.250 ,0.260 ,0.0625 ,0.181 ,0.013 ,-0.052 ,0.005 ,0.013 ,0.005 ,0.1001 ,0.0131 ,0.0143 ,0.0026 ,0.0190 ,0.0024 ,0.0667 ,0.0068 ,0.0000 
-0.250 ,0.300 ,0.0625 ,0.317 ,0.021 ,-0.037 ,0.005 ,-0.081 ,0.008 ,0.1028 ,0.0134 ,0.0240 ,0.0038 ,0.0201 ,0.0025 ,0.0734 ,0.0071 ,0.0000 
-0.250 ,0.375 ,0.0625 ,0.602 ,0.039 ,0.056 ,0.008 ,-0.068 ,0.008 ,0.0907 ,0.0120 ,0.0179 ,0.0031 ,0.0247 ,0.0029 ,0.0667 ,0.0064 ,0.0000 
-0.250 ,0.500 ,0.0625 ,0.789 ,0.051 ,0.189 ,0.016 ,-0.053 ,0.010 ,0.0492 ,0.0066 ,0.0246 ,0.0041 ,0.0205 ,0.0026 ,0.0471 ,0.0041 ,0.0000 
-0.250 ,0.625 ,0.0625 ,0.738 ,0.048 ,0.216 ,0.019 ,-0.014 ,0.009 ,0.0256 ,0.0035 ,0.0350 ,0.0060 ,0.0174 ,0.0023 ,0.0390 ,0.0037 ,0.0000 
-0.250 ,0.750 ,0.0625 ,0.721 ,0.047 ,0.216 ,0.017 ,0.016 ,0.008 ,0.0222 ,0.0033 ,0.0418 ,0.0061 ,0.0124 ,0.0018 ,0.0382 ,0.0036 ,0.0000 
-0.250 ,1.000 ,0.0625 ,0.688 ,0.044 ,0.166 ,0.015 ,0.015 ,0.008 ,0.0167 ,0.0024 ,0.0362 ,0.0055 ,0.0062 ,0.0011 ,0.0295 ,0.0030 ,0.0000 
-0.125 ,0.260 ,0.0625 ,0.238 ,0.019 ,-0.024 ,0.006 ,-0.005 ,0.003 ,0.1048 ,0.0140 ,0.0132 ,0.0026 ,0.0172 ,0.0024 ,0.0677 ,0.0072 ,0.0000 
-0.125 ,0.300 ,0.0625 ,0.409 ,0.029 ,-0.042 ,0.007 ,-0.054 ,0.006 ,0.1057 ,0.0141 ,0.0245 ,0.0040 ,0.0177 ,0.0024 ,0.0740 ,0.0074 ,0.0000 
-0.125 ,0.375 ,0.0625 ,0.591 ,0.040 ,0.022 ,0.008 ,-0.058 ,0.008 ,0.0923 ,0.0124 ,0.0213 ,0.0036 ,0.0215 ,0.0026 ,0.0675 ,0.0066 ,0.0000 
-0.125 ,0.500 ,0.0625 ,0.737 ,0.048 ,0.132 ,0.012 ,-0.030 ,0.008 ,0.0478 ,0.0065 ,0.0146 ,0.0027 ,0.0168 ,0.0022 ,0.0396 ,0.0037 ,0.0000 
-0.125 ,0.625 ,0.0625 ,0.742 ,0.048 ,0.183 ,0.015 ,-0.014 ,0.009 ,0.0255 ,0.0035 ,0.0319 ,0.0049 ,0.0145 ,0.0020 ,0.0359 ,0.0032 ,0.0000 
-0.125 ,0.750 ,0.0625 ,0.730 ,0.047 ,0.188 ,0.016 ,0.016 ,0.008 ,0.0200 ,0.0028 ,0.0389 ,0.0057 ,0.0109 ,0.0016 ,0.0349 ,0.0033 ,0.0000 
-0.125 ,1.000 ,0.0625 ,0.685 ,0.045 ,0.156 ,0.015 ,0.015 ,0.008 ,0.0169 ,0.0024 ,0.0385 ,0.0057 ,0.0059 ,0.0011 ,0.0306 ,0.0031 ,0.0000 
0.000 ,0.260 ,0.0625 ,0.313 ,0.022 ,0.001 ,0.004 ,-0.037 ,0.004 ,0.0918 ,0.0123 ,0.0198 ,0.0035 ,0.0149 ,0.0021 ,0.0633 ,0.0065 ,0.0000 
0.000 ,0.300 ,0.0625 ,0.402 ,0.027 ,-0.016 ,0.005 ,-0.064 ,0.006 ,0.1026 ,0.0136 ,0.0266 ,0.0043 ,0.0154 ,0.0021 ,0.0723 ,0.0072 ,0.0000 
0.000 ,0.375 ,0.0625 ,0.579 ,0.041 ,-0.038 ,0.007 ,-0.047 ,0.007 ,0.0804 ,0.0107 ,0.0234 ,0.0039 ,0.0184 ,0.0023 ,0.0611 ,0.0058 ,0.0000 
0.000 ,0.500 ,0.0625 ,0.741 ,0.048 ,0.088 ,0.011 ,-0.005 ,0.008 ,0.0476 ,0.0066 ,0.0161 ,0.0032 ,0.0159 ,0.0021 ,0.0398 ,0.0038 ,0.0000 
0.000 ,0.625 ,0.0625 ,0.747 ,0.048 ,0.142 ,0.013 ,0.005 ,0.009 ,0.0312 ,0.0043 ,0.0222 ,0.0038 ,0.0124 ,0.0018 ,0.0329 ,0.0030 ,0.0000 
0.000 ,0.750 ,0.0625 ,0.741 ,0.048 ,0.175 ,0.015 ,0.012 ,0.008 ,0.0227 ,0.0032 ,0.0333 ,0.0050 ,0.0103 ,0.0016 ,0.0331 ,0.0031 ,0.0000 
0.000 ,1.000 ,0.0625 ,0.724 ,0.047 ,0.154 ,0.013 ,0.017 ,0.008 ,0.0175 ,0.0026 ,0.0390 ,0.0058 ,0.0063 ,0.0012 ,0.0314 ,0.0032 ,0.0000 
0.050 ,0.000 ,0.0625 ,-0.117 ,0.008 ,0.003 ,0.003 ,0.037 ,0.003 ,0.0109 ,0.0015 ,0.0185 ,0.0033 ,0.0073 ,0.0014 ,0.0183 ,0.0020 ,0.0000 
0.050 ,0.125 ,0.0625 ,-0.078 ,0.006 ,0.028 ,0.004 ,0.032 ,0.003 ,0.0130 ,0.0019 ,0.0163 ,0.0030 ,0.0073 ,0.0013 ,0.0183 ,0.0019 ,0.0000 
0.050 ,0.200 ,0.0625 ,0.042 ,0.003 ,0.042 ,0.004 ,0.027 ,0.002 ,0.0131 ,0.0019 ,0.0156 ,0.0030 ,0.0073 ,0.0013 ,0.0180 ,0.0019 ,0.0000 
0.050 ,0.250 ,0.0625 ,0.133 ,0.019 ,-0.025 ,0.005 ,0.024 ,0.003 ,0.0363 ,0.0061 ,0.0188 ,0.0033 ,0.0110 ,0.0017 ,0.0331 ,0.0036 ,0.0000 
0.050 ,0.300 ,0.0625 ,0.450 ,0.031 ,-0.025 ,0.007 ,0.021 ,0.006 ,0.1066 ,0.0145 ,0.0238 ,0.0041 ,0.0139 ,0.0019 ,0.0722 ,0.0076 ,0.0000 
0.050 ,0.375 ,0.0625 ,0.603 ,0.040 ,-0.019 ,0.007 ,0.014 ,0.007 ,0.0760 ,0.0101 ,0.0214 ,0.0037 ,0.0171 ,0.0023 ,0.0573 ,0.0055 ,0.0000 
0.050 ,0.500 ,0.0625 ,0.720 ,0.047 ,0.069 ,0.010 ,0.003 ,0.008 ,0.0421 ,0.0059 ,0.0154 ,0.0029 ,0.0135 ,0.0019 ,0.0355 ,0.0034 ,0.0000 
0.050 ,0.625 ,0.0625 ,0.745 ,0.048 ,0.171 ,0.015 ,0.005 ,0.008 ,0.0305 ,0.0044 ,0.0196 ,0.0036 ,0.0107 ,0.0016 ,0.0305 ,0.0029 ,0.0000 
0.050 ,0.750 ,0.0625 ,0.751 ,0.049 ,0.205 ,0.016 ,0.009 ,0.008 ,0.0249 ,0.0035 ,0.0321 ,0.0049 ,0.0080 ,0.0014 ,0.0325 ,0.0031 ,0.0000 
0.050 ,1.000 ,0.0625 ,0.711 ,0.046 ,0.139 ,0.015 ,0.017 ,0.008 ,0.0161 ,0.0023 ,0.0359 ,0.0054 ,0.0055 ,0.0011 ,0.0287 ,0.0030 ,0.0000 
0.125 ,0.000 ,0.0625 ,-0.180 ,0.012 ,0.027 ,0.004 ,0.032 ,0.004 ,0.0173 ,0.0024 ,0.0236 ,0.0039 ,0.0084 ,0.0014 ,0.0247 ,0.0024 ,0.0000 
0.125 ,0.125 ,0.0625 ,-0.115 ,0.008 ,0.033 ,0.005 ,0.024 ,0.002 ,0.0180 ,0.0026 ,0.0277 ,0.0043 ,0.0088 ,0.0014 ,0.0272 ,0.0026 ,0.0000 
0.125 ,0.200 ,0.0625 ,0.064 ,0.007 ,0.028 ,0.002 ,0.008 ,0.003 ,0.0305 ,0.0045 ,0.0300 ,0.0046 ,0.0089 ,0.0015 ,0.0347 ,0.0033 ,0.0000 
0.125 ,0.250 ,0.0625 ,0.187 ,0.013 ,-0.058 ,0.006 ,-0.007 ,0.002 ,0.0820 ,0.0108 ,0.0316 ,0.0049 ,0.0111 ,0.0017 ,0.0624 ,0.0060 ,0.0000 
0.125 ,0.300 ,0.0625 ,0.445 ,0.029 ,-0.049 ,0.007 ,-0.023 ,0.005 ,0.0803 ,0.0107 ,0.0318 ,0.0049 ,0.0136 ,0.0019 ,0.0628 ,0.0060 ,0.0000 
0.125 ,0.375 ,0.0625 ,0.606 ,0.040 ,-0.037 ,0.008 ,-0.040 ,0.008 ,0.0694 ,0.0091 ,0.0265 ,0.0043 ,0.0144 ,0.0020 ,0.0551 ,0.0052 ,0.0000 
0.125 ,0.500 ,0.0625 ,0.690 ,0.045 ,0.054 ,0.009 ,-0.027 ,0.008 ,0.0379 ,0.0052 ,0.0170 ,0.0030 ,0.0132 ,0.0019 ,0.0341 ,0.0031 ,0.0000 
0.125 ,0.625 ,0.0625 ,0.731 ,0.047 ,0.125 ,0.013 ,-0.007 ,0.009 ,0.0293 ,0.0040 ,0.0191 ,0.0033 ,0.0102 ,0.0016 ,0.0294 ,0.0027 ,0.0000 
0.125 ,0.750 ,0.0625 ,0.744 ,0.048 ,0.186 ,0.015 ,0.007 ,0.008 ,0.0240 ,0.0033 ,0.0271 ,0.0047 ,0.0082 ,0.0014 ,0.0297 ,0.0029 ,0.0000 
0.125 ,1.000 ,0.0625 ,0.701 ,0.046 ,0.137 ,0.013 ,0.018 ,0.008 ,0.0175 ,0.0027 ,0.0332 ,0.0050 ,0.0053 ,0.0010 ,0.0280 ,0.0029 ,0.0000 
0.250 ,0.000 ,0.0625 ,-0.165 ,0.011 ,-0.009 ,0.005 ,0.032 ,0.004 ,0.0237 ,0.0032 ,0.0397 ,0.0057 ,0.0121 ,0.0018 ,0.0377 ,0.0034 ,0.0000 
0.250 ,0.125 ,0.0625 ,-0.078 ,0.010 ,-0.056 ,0.010 ,0.021 ,0.002 ,0.0371 ,0.0050 ,0.0387 ,0.0056 ,0.0123 ,0.0018 ,0.0441 ,0.0039 ,0.0000 
0.250 ,0.200 ,0.0625 ,0.110 ,0.013 ,-0.065 ,0.010 ,0.004 ,0.002 ,0.0655 ,0.0094 ,0.0360 ,0.0054 ,0.0132 ,0.0019 ,0.0574 ,0.0055 ,0.0000 
0.250 ,0.250 ,0.0625 ,0.290 ,0.031 ,-0.060 ,0.006 ,-0.013 ,0.004 ,0.0959 ,0.0128 ,0.0299 ,0.0049 ,0.0133 ,0.0019 ,0.0696 ,0.0069 ,0.0000 
0.250 ,0.300 ,0.0625 ,0.430 ,0.030 ,-0.050 ,0.007 ,-0.026 ,0.005 ,0.0832 ,0.0111 ,0.0261 ,0.0043 ,0.0125 ,0.0018 ,0.0609 ,0.0060 ,0.0000 
0.250 ,0.375 ,0.0625 ,0.567 ,0.037 ,-0.043 ,0.008 ,-0.030 ,0.007 ,0.0704 ,0.0094 ,0.0235 ,0.0038 ,0.0136 ,0.0019 ,0.0538 ,0.0052 ,0.0000 
0.250 ,0.500 ,0.0625 ,0.685 ,0.044 ,0.017 ,0.009 ,-0.022 ,0.008 ,0.0440 ,0.0059 ,0.0167 ,0.0030 ,0.0122 ,0.0018 ,0.0365 ,0.0034 ,0.0000 
0.250 ,0.625 ,0.0625 ,0.710 ,0.046 ,0.079 ,0.010 ,-0.005 ,0.008 ,0.0321 ,0.0047 ,0.0170 ,0.0031 ,0.0090 ,0.0015 ,0.0290 ,0.0029 ,0.0000 
0.250 ,0.750 ,0.0625 ,0.732 ,0.048 ,0.118 ,0.012 ,0.005 ,0.008 ,0.0242 ,0.0034 ,0.0230 ,0.0038 ,0.0074 ,0.0013 ,0.0273 ,0.0026 ,0.0000 
0.250 ,1.000 ,0.0625 ,0.709 ,0.046 ,0.139 ,0.014 ,0.016 ,0.008 ,0.0190 ,0.0026 ,0.0326 ,0.0051 ,0.0051 ,0.0010 ,0.0284 ,0.0029 ,0.0000 
0.375 ,0.000 ,0.0625 ,-0.127 ,0.009 ,-0.005 ,0.005 ,0.027 ,0.003 ,0.0247 ,0.0034 ,0.0492 ,0.0068 ,0.0134 ,0.0019 ,0.0437 ,0.0039 ,0.0000 
0.375 ,0.125 ,0.0625 ,-0.037 ,0.005 ,-0.093 ,0.007 ,0.013 ,0.001 ,0.0476 ,0.0064 ,0.0566 ,0.0078 ,0.0136 ,0.0019 ,0.0589 ,0.0051 ,0.0000 
0.375 ,0.200 ,0.0625 ,0.136 ,0.013 ,-0.098 ,0.007 ,-0.004 ,0.002 ,0.0715 ,0.0094 ,0.0469 ,0.0066 ,0.0133 ,0.0019 ,0.0658 ,0.0058 ,0.0000 
0.375 ,0.250 ,0.0625 ,0.240 ,0.021 ,-0.088 ,0.007 ,-0.020 ,0.004 ,0.0928 ,0.0124 ,0.0415 ,0.0060 ,0.0128 ,0.0018 ,0.0736 ,0.0070 ,0.0000 
0.375 ,0.300 ,0.0625 ,0.400 ,0.026 ,-0.075 ,0.007 ,-0.028 ,0.005 ,0.0711 ,0.0096 ,0.0341 ,0.0051 ,0.0134 ,0.0019 ,0.0593 ,0.0055 ,0.0000 
0.375 ,0.375 ,0.0625 ,0.542 ,0.035 ,-0.070 ,0.008 ,-0.032 ,0.006 ,0.0693 ,0.0095 ,0.0226 ,0.0038 ,0.0116 ,0.0017 ,0.0517 ,0.0052 ,0.0000 
0.375 ,0.500 ,0.0625 ,0.643 ,0.042 ,-0.011 ,0.008 ,-0.024 ,0.007 ,0.0430 ,0.0060 ,0.0177 ,0.0032 ,0.0102 ,0.0016 ,0.0355 ,0.0035 ,0.0000 
0.375 ,0.625 ,0.0625 ,0.703 ,0.046 ,0.052 ,0.009 ,-0.007 ,0.008 ,0.0329 ,0.0045 ,0.0180 ,0.0032 ,0.0085 ,0.0014 ,0.0297 ,0.0028 ,0.0000 
0.375 ,0.750 ,0.0625 ,0.719 ,0.047 ,0.106 ,0.011 ,0.006 ,0.008 ,0.0266 ,0.0037 ,0.0212 ,0.0037 ,0.0069 ,0.0012 ,0.0273 ,0.0027 ,0.0000 
0.375 ,1.000 ,0.0625 ,0.717 ,0.046 ,0.122 ,0.013 ,0.020 ,0.008 ,0.0193 ,0.0027 ,0.0312 ,0.0053 ,0.0047 ,0.0010 ,0.0276 ,0.0030 ,0.0000 
0.500 ,0.000 ,0.0625 ,-0.059 ,0.004 ,-0.004 ,0.005 ,0.017 ,0.001 ,0.0279 ,0.0038 ,0.0557 ,0.0077 ,0.0150 ,0.0020 ,0.0493 ,0.0044 ,0.0000 
0.500 ,0.125 ,0.0625 ,0.063 ,0.005 ,-0.087 ,0.006 ,0.010 ,0.001 ,0.0452 ,0.0060 ,0.0452 ,0.0064 ,0.0136 ,0.0019 ,0.0520 ,0.0045 ,0.0000 
0.500 ,0.200 ,0.0625 ,0.156 ,0.012 ,-0.074 ,0.007 ,-0.003 ,0.002 ,0.0701 ,0.0092 ,0.0380 ,0.0056 ,0.0135 ,0.0019 ,0.0608 ,0.0055 ,0.0000 
0.500 ,0.250 ,0.0625 ,0.220 ,0.016 ,-0.082 ,0.006 ,-0.016 ,0.003 ,0.0806 ,0.0106 ,0.0311 ,0.0050 ,0.0130 ,0.0019 ,0.0624 ,0.0059 ,0.0000 
0.500 ,0.300 ,0.0625 ,0.386 ,0.026 ,-0.083 ,0.009 ,-0.027 ,0.005 ,0.0675 ,0.0090 ,0.0304 ,0.0048 ,0.0120 ,0.0017 ,0.0549 ,0.0052 ,0.0000 
0.500 ,0.375 ,0.0625 ,0.511 ,0.033 ,-0.069 ,0.008 ,-0.033 ,0.006 ,0.0745 ,0.0099 ,0.0216 ,0.0036 ,0.0115 ,0.0017 ,0.0538 ,0.0053 ,0.0000 
0.500 ,0.500 ,0.0625 ,0.608 ,0.041 ,-0.023 ,0.007 ,-0.025 ,0.007 ,0.0526 ,0.0072 ,0.0193 ,0.0034 ,0.0094 ,0.0015 ,0.0406 ,0.0041 ,0.0000 
0.500 ,0.625 ,0.0625 ,0.678 ,0.044 ,0.030 ,0.010 ,-0.007 ,0.008 ,0.0312 ,0.0043 ,0.0172 ,0.0031 ,0.0079 ,0.0013 ,0.0281 ,0.0027 ,0.0000 
0.500 ,0.750 ,0.0625 ,0.702 ,0.045 ,0.092 ,0.010 ,0.007 ,0.008 ,0.0286 ,0.0039 ,0.0202 ,0.0034 ,0.0061 ,0.0011 ,0.0275 ,0.0027 ,0.0000 
0.500 ,1.000 ,0.0625 ,0.701 ,0.045 ,0.107 ,0.011 ,0.018 ,0.008 ,0.0181 ,0.0026 ,0.0290 ,0.0046 ,0.0042 ,0.0009 ,0.0257 ,0.0027 ,0.0000 
0.750 ,0.000 ,0.0625 ,0.105 ,0.007 ,0.011 ,0.002 ,-0.009 ,0.002 ,0.0368 ,0.0049 ,0.0562 ,0.0077 ,0.0146 ,0.0020 ,0.0538 ,0.0047 ,0.0000 
0.750 ,0.125 ,0.0625 ,0.142 ,0.009 ,-0.028 ,0.005 ,-0.023 ,0.002 ,0.0488 ,0.0067 ,0.0442 ,0.0063 ,0.0136 ,0.0019 ,0.0533 ,0.0047 ,0.0000 
0.750 ,0.200 ,0.0625 ,0.202 ,0.014 ,-0.029 ,0.005 ,-0.028 ,0.003 ,0.0685 ,0.0091 ,0.0387 ,0.0061 ,0.0135 ,0.0019 ,0.0603 ,0.0056 ,0.0000 
0.750 ,0.250 ,0.0625 ,0.253 ,0.018 ,-0.039 ,0.004 ,-0.029 ,0.004 ,0.0824 ,0.0108 ,0.0316 ,0.0049 ,0.0133 ,0.0019 ,0.0636 ,0.0060 ,0.0000 
0.750 ,0.300 ,0.0625 ,0.357 ,0.024 ,-0.025 ,0.005 ,-0.030 ,0.005 ,0.0810 ,0.0108 ,0.0284 ,0.0045 ,0.0119 ,0.0017 ,0.0606 ,0.0059 ,0.0000 
0.750 ,0.375 ,0.0625 ,0.474 ,0.031 ,-0.019 ,0.006 ,-0.030 ,0.006 ,0.0915 ,0.0120 ,0.0225 ,0.0039 ,0.0117 ,0.0017 ,0.0628 ,0.0064 ,0.0000 
0.750 ,0.500 ,0.0625 ,0.570 ,0.038 ,0.005 ,0.008 ,-0.020 ,0.007 ,0.0454 ,0.0061 ,0.0205 ,0.0036 ,0.0096 ,0.0015 ,0.0377 ,0.0036 ,0.0000 
0.750 ,0.625 ,0.0625 ,0.615 ,0.040 ,0.021 ,0.008 ,-0.008 ,0.007 ,0.0305 ,0.0043 ,0.0204 ,0.0037 ,0.0082 ,0.0014 ,0.0295 ,0.0029 ,0.0000 
0.750 ,0.750 ,0.0625 ,0.653 ,0.043 ,0.036 ,0.009 ,0.003 ,0.007 ,0.0278 ,0.0038 ,0.0208 ,0.0036 ,0.0068 ,0.0012 ,0.0277 ,0.0027 ,0.0000 
0.750 ,1.000 ,0.0625 ,0.685 ,0.044 ,0.055 ,0.016 ,0.017 ,0.008 ,0.0212 ,0.0029 ,0.0262 ,0.0043 ,0.0043 ,0.0009 ,0.0259 ,0.0026 ,0.0000 
1.000 ,0.000 ,0.0625 ,0.214 ,0.014 ,-0.009 ,0.004 ,-0.014 ,0.003 ,0.0296 ,0.0040 ,0.0479 ,0.0071 ,0.0127 ,0.0018 ,0.0451 ,0.0042 ,0.0000 
1.000 ,0.125 ,0.0625 ,0.232 ,0.015 ,-0.018 ,0.004 ,-0.030 ,0.004 ,0.0322 ,0.0046 ,0.0433 ,0.0062 ,0.0120 ,0.0018 ,0.0438 ,0.0039 ,0.0000 
1.000 ,0.200 ,0.0625 ,0.270 ,0.018 ,-0.024 ,0.004 ,-0.034 ,0.004 ,0.0447 ,0.0060 ,0.0331 ,0.0050 ,0.0115 ,0.0017 ,0.0447 ,0.0040 ,0.0000 
1.000 ,0.250 ,0.0625 ,0.297 ,0.019 ,-0.020 ,0.004 ,-0.034 ,0.004 ,0.0479 ,0.0064 ,0.0305 ,0.0047 ,0.0114 ,0.0018 ,0.0449 ,0.0041 ,0.0000 
1.000 ,0.300 ,0.0625 ,0.338 ,0.023 ,-0.017 ,0.006 ,-0.031 ,0.004 ,0.0512 ,0.0069 ,0.0273 ,0.0047 ,0.0109 ,0.0016 ,0.0447 ,0.0043 ,0.0000 
1.000 ,0.375 ,0.0625 ,0.442 ,0.029 ,-0.014 ,0.005 ,-0.029 ,0.005 ,0.0596 ,0.0080 ,0.0266 ,0.0044 ,0.0104 ,0.0016 ,0.0483 ,0.0046 ,0.0000 
1.000 ,0.500 ,0.0625 ,0.559 ,0.036 ,0.009 ,0.008 ,-0.020 ,0.006 ,0.0429 ,0.0060 ,0.0216 ,0.0037 ,0.0083 ,0.0014 ,0.0364 ,0.0036 ,0.0000 
1.000 ,0.625 ,0.0625 ,0.590 ,0.038 ,0.021 ,0.009 ,-0.007 ,0.007 ,0.0303 ,0.0042 ,0.0192 ,0.0035 ,0.0072 ,0.0013 ,0.0284 ,0.0028 ,0.0000 
1.000 ,0.750 ,0.0625 ,0.624 ,0.041 ,0.032 ,0.009 ,0.000 ,0.007 ,0.0253 ,0.0035 ,0.0197 ,0.0036 ,0.0058 ,0.0011 ,0.0254 ,0.0026 ,0.0000 
1.000 ,1.000 ,0.0625 ,0.680 ,0.044 ,0.047 ,0.009 ,0.019 ,0.008 ,0.0230 ,0.0032 ,0.0262 ,0.0042 ,0.0043 ,0.0009 ,0.0267 ,0.0027 ,0.0000 
1.250 ,0.000 ,0.0625 ,0.286 ,0.019 ,-0.008 ,0.006 ,-0.024 ,0.005 ,0.0272 ,0.0037 ,0.0362 ,0.0053 ,0.0114 ,0.0017 ,0.0374 ,0.0034 ,0.0000 
1.250 ,0.125 ,0.0625 ,0.314 ,0.021 ,-0.018 ,0.005 ,-0.036 ,0.004 ,0.0281 ,0.0039 ,0.0328 ,0.0050 ,0.0110 ,0.0017 ,0.0360 ,0.0033 ,0.0000 
1.250 ,0.200 ,0.0625 ,0.339 ,0.023 ,-0.025 ,0.005 ,-0.037 ,0.005 ,0.0323 ,0.0045 ,0.0354 ,0.0055 ,0.0107 ,0.0016 ,0.0392 ,0.0037 ,0.0000 
1.250 ,0.250 ,0.0625 ,0.366 ,0.025 ,-0.020 ,0.006 ,-0.036 ,0.006 ,0.0341 ,0.0046 ,0.0320 ,0.0051 ,0.0102 ,0.0016 ,0.0381 ,0.0035 ,0.0000 
1.250 ,0.300 ,0.0625 ,0.403 ,0.027 ,-0.016 ,0.006 ,-0.033 ,0.005 ,0.0350 ,0.0047 ,0.0229 ,0.0039 ,0.0105 ,0.0016 ,0.0343 ,0.0032 ,0.0000 
1.250 ,0.375 ,0.0625 ,0.471 ,0.031 ,-0.017 ,0.006 ,-0.030 ,0.006 ,0.0342 ,0.0046 ,0.0245 ,0.0039 ,0.0088 ,0.0014 ,0.0337 ,0.0031 ,0.0000 
1.250 ,0.500 ,0.0625 ,0.540 ,0.036 ,0.002 ,0.007 ,-0.021 ,0.006 ,0.0314 ,0.0046 ,0.0188 ,0.0033 ,0.0077 ,0.0013 ,0.0290 ,0.0029 ,0.0000 
1.250 ,0.625 ,0.0625 ,0.577 ,0.038 ,0.020 ,0.007 ,-0.006 ,0.006 ,0.0286 ,0.0040 ,0.0196 ,0.0033 ,0.0070 ,0.0012 ,0.0276 ,0.0027 ,0.0000 
1.250 ,0.750 ,0.0625 ,0.619 ,0.040 ,0.029 ,0.009 ,0.003 ,0.007 ,0.0281 ,0.0040 ,0.0205 ,0.0035 ,0.0063 ,0.0012 ,0.0275 ,0.0027 ,0.0000 
1.250 ,1.000 ,0.0625 ,0.680 ,0.046 ,0.040 ,0.010 ,0.018 ,0.008 ,0.0238 ,0.0034 ,0.0222 ,0.0038 ,0.0041 ,0.0009 ,0.0250 ,0.0026 ,0.0000 
0.250 ,0.000 ,0.005 ,-0.167 ,0.012 ,-0.001 ,0.003 ,0.403 ,0.026 ,0.0160 ,0.0022 ,0.0384 ,0.0056 ,0.0010 ,0.0010 ,0.0277 ,0.0031 ,0.0000 
0.250 ,0.000 ,0.050 ,-0.166 ,0.012 ,-0.001 ,0.006 ,0.113 ,0.008 ,0.0217 ,0.0030 ,0.0379 ,0.0055 ,0.0089 ,0.0017 ,0.0343 ,0.0033 ,0.0000 
0.250 ,0.000 ,0.125 ,-0.186 ,0.012 ,-0.001 ,0.006 ,0.032 ,0.004 ,0.0251 ,0.0034 ,0.0374 ,0.0054 ,0.0167 ,0.0023 ,0.0396 ,0.0034 ,0.0000 
0.250 ,0.000 ,0.250 ,-0.197 ,0.014 ,-0.002 ,0.006 ,0.042 ,0.004 ,0.0238 ,0.0033 ,0.0316 ,0.0048 ,0.0228 ,0.0027 ,0.0391 ,0.0032 ,0.0000 
0.250 ,0.000 ,0.500 ,-0.160 ,0.012 ,-0.002 ,0.002 ,0.061 ,0.005 ,0.0256 ,0.0035 ,0.0286 ,0.0044 ,0.0252 ,0.0029 ,0.0397 ,0.0032 ,0.0000 
0.250 ,0.000 ,0.750 ,-0.086 ,0.006 ,-0.003 ,0.003 ,0.074 ,0.006 ,0.0205 ,0.0029 ,0.0285 ,0.0044 ,0.0260 ,0.0030 ,0.0375 ,0.0030 ,0.0000 
0.250 ,0.000 ,0.875 ,0.015 ,0.002 ,0.000 ,0.002 ,0.015 ,0.003 ,0.0181 ,0.0025 ,0.0310 ,0.0047 ,0.0323 ,0.0035 ,0.0408 ,0.0032 ,0.0000 
0.250 ,0.000 ,0.950 ,0.316 ,0.021 ,0.002 ,0.004 ,-0.082 ,0.006 ,0.0363 ,0.0049 ,0.0381 ,0.0055 ,0.0378 ,0.0039 ,0.0561 ,0.0042 ,0.0000 
0.250 ,0.000 ,1.000 ,0.648 ,0.042 ,0.003 ,0.008 ,-0.129 ,0.011 ,0.0887 ,0.0116 ,0.0535 ,0.0075 ,0.0247 ,0.0029 ,0.0835 ,0.0070 ,0.0000 
0.250 ,0.000 ,1.050 ,0.857 ,0.056 ,0.001 ,0.011 ,-0.144 ,0.013 ,0.0829 ,0.0109 ,0.0510 ,0.0071 ,0.0142 ,0.0020 ,0.0741 ,0.0066 ,0.0000 
0.250 ,0.000 ,1.125 ,0.997 ,0.065 ,0.002 ,0.011 ,-0.134 ,0.014 ,0.0709 ,0.0096 ,0.0399 ,0.0058 ,0.0107 ,0.0016 ,0.0608 ,0.0056 ,0.0000 
0.250 ,0.000 ,1.250 ,1.084 ,0.070 ,0.001 ,0.013 ,-0.113 ,0.014 ,0.0419 ,0.0056 ,0.0238 ,0.0039 ,0.0090 ,0.0015 ,0.0374 ,0.0035 ,0.0000 
0.250 ,0.000 ,1.500 ,1.134 ,0.074 ,0.000 ,0.013 ,-0.019 ,0.013 ,0.0294 ,0.0041 ,0.0152 ,0.0027 ,0.0108 ,0.0016 ,0.0277 ,0.0026 ,0.0000 
0.250 ,0.125 ,0.005 ,-0.106 ,0.007 ,-0.045 ,0.005 ,-0.001 ,0.001 ,0.0242 ,0.0035 ,0.0455 ,0.0065 ,0.0010 ,0.0004 ,0.0353 ,0.0037 ,0.0000 
0.250 ,0.125 ,0.050 ,-0.084 ,0.011 ,-0.020 ,0.003 ,0.016 ,0.002 ,0.0348 ,0.0048 ,0.0429 ,0.0061 ,0.0099 ,0.0016 ,0.0438 ,0.0040 ,0.0000 
0.250 ,0.125 ,0.125 ,-0.094 ,0.007 ,-0.008 ,0.004 ,0.019 ,0.003 ,0.0286 ,0.0039 ,0.0398 ,0.0058 ,0.0177 ,0.0023 ,0.0431 ,0.0037 ,0.0000 
0.250 ,0.125 ,0.250 ,-0.093 ,0.006 ,-0.023 ,0.004 ,0.016 ,0.002 ,0.0264 ,0.0036 ,0.0331 ,0.0050 ,0.0279 ,0.0032 ,0.0437 ,0.0034 ,0.0000 
0.250 ,0.125 ,0.500 ,-0.059 ,0.005 ,-0.015 ,0.002 ,0.027 ,0.003 ,0.0277 ,0.0038 ,0.0338 ,0.0051 ,0.0338 ,0.0036 ,0.0477 ,0.0036 ,0.0000 
0.250 ,0.125 ,0.750 ,0.015 ,0.003 ,0.010 ,0.001 ,0.045 ,0.003 ,0.0213 ,0.0030 ,0.0331 ,0.0050 ,0.0328 ,0.0035 ,0.0436 ,0.0034 ,0.0000 
0.250 ,0.125 ,0.875 ,0.075 ,0.006 ,0.025 ,0.003 ,0.013 ,0.002 ,0.0177 ,0.0025 ,0.0317 ,0.0048 ,0.0369 ,0.0039 ,0.0431 ,0.0033 ,0.0000 
0.250 ,0.125 ,0.950 ,0.363 ,0.024 ,-0.005 ,0.004 ,-0.076 ,0.007 ,0.0383 ,0.0053 ,0.0321 ,0.0049 ,0.0397 ,0.0041 ,0.0551 ,0.0041 ,0.0000 
0.250 ,0.125 ,1.000 ,0.674 ,0.044 ,-0.046 ,0.011 ,-0.111 ,0.010 ,0.0968 ,0.0127 ,0.0451 ,0.0064 ,0.0252 ,0.0029 ,0.0836 ,0.0072 ,0.0000 
0.250 ,0.125 ,1.050 ,0.894 ,0.059 ,-0.055 ,0.011 ,-0.139 ,0.014 ,0.0855 ,0.0114 ,0.0459 ,0.0065 ,0.0147 ,0.0020 ,0.0731 ,0.0066 ,0.0000 
0.250 ,0.125 ,1.125 ,1.019 ,0.067 ,-0.037 ,0.012 ,-0.144 ,0.015 ,0.0729 ,0.0096 ,0.0379 ,0.0055 ,0.0113 ,0.0017 ,0.0611 ,0.0056 ,0.0000 
0.250 ,0.125 ,1.250 ,1.085 ,0.071 ,-0.024 ,0.012 ,-0.107 ,0.014 ,0.0425 ,0.0058 ,0.0240 ,0.0040 ,0.0096 ,0.0015 ,0.0380 ,0.0036 ,0.0000 
0.250 ,0.125 ,1.500 ,1.133 ,0.073 ,-0.014 ,0.013 ,-0.018 ,0.013 ,0.0289 ,0.0039 ,0.0148 ,0.0027 ,0.0110 ,0.0017 ,0.0274 ,0.0025 ,0.0000 
0.250 ,0.200 ,0.005 ,0.120 ,0.012 ,-0.085 ,0.006 ,-0.014 ,0.002 ,0.0419 ,0.0057 ,0.0444 ,0.0064 ,0.0010 ,0.0004 ,0.0436 ,0.0043 ,0.0000 
0.250 ,0.200 ,0.050 ,0.112 ,0.009 ,-0.069 ,0.005 ,0.000 ,0.002 ,0.0492 ,0.0067 ,0.0380 ,0.0057 ,0.0107 ,0.0016 ,0.0490 ,0.0045 ,0.0000 
0.250 ,0.200 ,0.125 ,0.115 ,0.010 ,-0.057 ,0.004 ,0.015 ,0.003 ,0.0404 ,0.0055 ,0.0365 ,0.0053 ,0.0171 ,0.0023 ,0.0470 ,0.0040 ,0.0000 
0.250 ,0.200 ,0.250 ,0.090 ,0.007 ,-0.039 ,0.004 ,0.004 ,0.003 ,0.0399 ,0.0054 ,0.0354 ,0.0053 ,0.0296 ,0.0033 ,0.0525 ,0.0041 ,0.0000 
0.250 ,0.200 ,0.500 ,0.122 ,0.010 ,-0.047 ,0.004 ,0.017 ,0.002 ,0.0383 ,0.0052 ,0.0347 ,0.0052 ,0.0408 ,0.0041 ,0.0569 ,0.0042 ,0.0000 
0.250 ,0.200 ,0.750 ,0.192 ,0.013 ,-0.040 ,0.004 ,0.000 ,0.006 ,0.0418 ,0.0056 ,0.0490 ,0.0068 ,0.0391 ,0.0041 ,0.0649 ,0.0049 ,0.0000 
0.250 ,0.200 ,0.875 ,0.195 ,0.013 ,-0.033 ,0.003 ,-0.011 ,0.004 ,0.0281 ,0.0038 ,0.0452 ,0.0064 ,0.0386 ,0.0040 ,0.0559 ,0.0042 ,0.0000 
0.250 ,0.200 ,0.950 ,0.487 ,0.033 ,-0.016 ,0.006 ,-0.065 ,0.007 ,0.0436 ,0.0060 ,0.0374 ,0.0055 ,0.0391 ,0.0040 ,0.0601 ,0.0045 ,0.0000 
0.250 ,0.200 ,1.000 ,0.763 ,0.050 ,-0.037 ,0.009 ,-0.104 ,0.011 ,0.0975 ,0.0127 ,0.0399 ,0.0058 ,0.0266 ,0.0031 ,0.0820 ,0.0072 ,0.0000 
0.250 ,0.200 ,1.050 ,0.907 ,0.059 ,-0.053 ,0.011 ,-0.133 ,0.014 ,0.0870 ,0.0114 ,0.0395 ,0.0057 ,0.0163 ,0.0022 ,0.0714 ,0.0065 ,0.0000 
0.250 ,0.200 ,1.125 ,1.062 ,0.069 ,-0.042 ,0.013 ,-0.133 ,0.015 ,0.0669 ,0.0091 ,0.0352 ,0.0052 ,0.0124 ,0.0019 ,0.0573 ,0.0053 ,0.0000 
0.250 ,0.200 ,1.250 ,1.084 ,0.070 ,-0.026 ,0.012 ,-0.107 ,0.014 ,0.0376 ,0.0051 ,0.0234 ,0.0039 ,0.0103 ,0.0016 ,0.0357 ,0.0033 ,0.0000 
0.250 ,0.200 ,1.500 ,1.142 ,0.074 ,-0.013 ,0.013 ,-0.018 ,0.013 ,0.0285 ,0.0039 ,0.0149 ,0.0027 ,0.0115 ,0.0017 ,0.0274 ,0.0025 ,0.0000 
0.250 ,0.250 ,0.005 ,0.238 ,0.021 ,-0.111 ,0.008 ,-0.010 ,0.003 ,0.0476 ,0.0074 ,0.0377 ,0.0055 ,0.0009 ,0.0004 ,0.0431 ,0.0046 ,0.0000 
0.250 ,0.250 ,0.050 ,0.279 ,0.019 ,-0.082 ,0.007 ,-0.012 ,0.003 ,0.0750 ,0.0101 ,0.0406 ,0.0058 ,0.0107 ,0.0016 ,0.0631 ,0.0059 ,0.0000 
0.250 ,0.250 ,0.125 ,0.290 ,0.023 ,-0.071 ,0.006 ,0.010 ,0.004 ,0.0690 ,0.0092 ,0.0422 ,0.0060 ,0.0213 ,0.0026 ,0.0663 ,0.0057 ,0.0000 
0.250 ,0.250 ,0.250 ,0.275 ,0.019 ,-0.047 ,0.005 ,0.017 ,0.008 ,0.0650 ,0.0087 ,0.0358 ,0.0053 ,0.0372 ,0.0039 ,0.0690 ,0.0055 ,0.0000 
0.250 ,0.250 ,0.500 ,0.317 ,0.022 ,-0.072 ,0.007 ,-0.007 ,0.004 ,0.0632 ,0.0085 ,0.0380 ,0.0057 ,0.0521 ,0.0051 ,0.0767 ,0.0057 ,0.0000 
0.250 ,0.250 ,0.750 ,0.475 ,0.033 ,-0.132 ,0.010 ,-0.057 ,0.011 ,0.0822 ,0.0109 ,0.0445 ,0.0063 ,0.0465 ,0.0045 ,0.0866 ,0.0067 ,0.0000 
0.250 ,0.250 ,0.875 ,0.522 ,0.036 ,-0.075 ,0.008 ,-0.054 ,0.007 ,0.0792 ,0.0104 ,0.0469 ,0.0067 ,0.0337 ,0.0036 ,0.0799 ,0.0064 ,0.0000 
0.250 ,0.250 ,0.950 ,0.624 ,0.041 ,-0.072 ,0.009 ,-0.060 ,0.008 ,0.0671 ,0.0090 ,0.0416 ,0.0059 ,0.0357 ,0.0038 ,0.0722 ,0.0057 ,0.0000 
0.250 ,0.250 ,1.000 ,0.821 ,0.053 ,-0.040 ,0.010 ,-0.093 ,0.011 ,0.0667 ,0.0088 ,0.0396 ,0.0057 ,0.0284 ,0.0032 ,0.0673 ,0.0055 ,0.0000 
0.250 ,0.250 ,1.050 ,0.970 ,0.063 ,-0.033 ,0.011 ,-0.108 ,0.013 ,0.0618 ,0.0082 ,0.0408 ,0.0059 ,0.0189 ,0.0025 ,0.0607 ,0.0052 ,0.0000 
0.250 ,0.250 ,1.125 ,1.036 ,0.067 ,-0.041 ,0.012 ,-0.113 ,0.014 ,0.0512 ,0.0068 ,0.0348 ,0.0055 ,0.0137 ,0.0020 ,0.0498 ,0.0045 ,0.0000 
0.250 ,0.250 ,1.250 ,1.080 ,0.071 ,-0.035 ,0.013 ,-0.094 ,0.014 ,0.0374 ,0.0050 ,0.0247 ,0.0040 ,0.0109 ,0.0017 ,0.0365 ,0.0033 ,0.0000 
0.250 ,0.250 ,1.500 ,1.124 ,0.073 ,-0.012 ,0.013 ,-0.018 ,0.013 ,0.0264 ,0.0037 ,0.0165 ,0.0029 ,0.0110 ,0.0017 ,0.0270 ,0.0025 ,0.0000 
0.250 ,0.300 ,0.005 ,0.330 ,0.023 ,-0.066 ,0.006 ,-0.008 ,0.004 ,0.0440 ,0.0061 ,0.0312 ,0.0047 ,0.0008 ,0.0003 ,0.0380 ,0.0038 ,0.0000 
0.250 ,0.300 ,0.050 ,0.408 ,0.027 ,-0.054 ,0.006 ,-0.022 ,0.005 ,0.0641 ,0.0088 ,0.0334 ,0.0050 ,0.0100 ,0.0016 ,0.0538 ,0.0051 ,0.0000 
0.250 ,0.300 ,0.125 ,0.404 ,0.028 ,-0.084 ,0.008 ,-0.025 ,0.005 ,0.0685 ,0.0091 ,0.0337 ,0.0051 ,0.0193 ,0.0024 ,0.0607 ,0.0054 ,0.0000 
0.250 ,0.300 ,0.250 ,0.394 ,0.026 ,-0.078 ,0.007 ,-0.002 ,0.005 ,0.0682 ,0.0093 ,0.0346 ,0.0052 ,0.0360 ,0.0038 ,0.0694 ,0.0057 ,0.0000 
0.250 ,0.300 ,0.500 ,0.454 ,0.030 ,-0.097 ,0.009 ,-0.009 ,0.006 ,0.0725 ,0.0098 ,0.0360 ,0.0054 ,0.0524 ,0.0050 ,0.0805 ,0.0061 ,0.0000 
0.250 ,0.300 ,0.750 ,0.627 ,0.042 ,-0.143 ,0.012 ,-0.047 ,0.008 ,0.0736 ,0.0100 ,0.0417 ,0.0060 ,0.0511 ,0.0049 ,0.0832 ,0.0063 ,0.0000 
0.250 ,0.300 ,0.875 ,0.717 ,0.048 ,-0.086 ,0.010 ,-0.071 ,0.009 ,0.0776 ,0.0102 ,0.0413 ,0.0060 ,0.0407 ,0.0041 ,0.0798 ,0.0063 ,0.0000 
0.250 ,0.300 ,0.950 ,0.778 ,0.051 ,-0.076 ,0.010 ,-0.080 ,0.010 ,0.0719 ,0.0096 ,0.0394 ,0.0057 ,0.0344 ,0.0038 ,0.0728 ,0.0059 ,0.0000 
0.250 ,0.300 ,1.000 ,0.859 ,0.056 ,-0.050 ,0.011 ,-0.077 ,0.011 ,0.0621 ,0.0083 ,0.0384 ,0.0056 ,0.0266 ,0.0030 ,0.0636 ,0.0052 ,0.0000 
0.250 ,0.300 ,1.050 ,1.006 ,0.066 ,-0.052 ,0.012 ,-0.096 ,0.013 ,0.0564 ,0.0076 ,0.0356 ,0.0052 ,0.0178 ,0.0023 ,0.0549 ,0.0048 ,0.0000 
0.250 ,0.300 ,1.125 ,1.038 ,0.067 ,-0.042 ,0.013 ,-0.096 ,0.013 ,0.0498 ,0.0067 ,0.0341 ,0.0052 ,0.0140 ,0.0020 ,0.0490 ,0.0044 ,0.0000 
0.250 ,0.300 ,1.250 ,1.081 ,0.070 ,-0.032 ,0.012 ,-0.082 ,0.013 ,0.0338 ,0.0049 ,0.0234 ,0.0038 ,0.0111 ,0.0017 ,0.0341 ,0.0032 ,0.0000 
0.250 ,0.300 ,1.500 ,1.114 ,0.072 ,-0.018 ,0.012 ,-0.019 ,0.013 ,0.0293 ,0.0040 ,0.0157 ,0.0029 ,0.0112 ,0.0017 ,0.0281 ,0.0026 ,0.0000 
0.250 ,0.375 ,0.005 ,0.513 ,0.033 ,-0.049 ,0.008 ,-0.015 ,0.006 ,0.0460 ,0.0073 ,0.0359 ,0.0053 ,0.0008 ,0.0003 ,0.0413 ,0.0045 ,0.0000 
0.250 ,0.375 ,0.050 ,0.556 ,0.037 ,-0.044 ,0.009 ,-0.027 ,0.006 ,0.0544 ,0.0077 ,0.0381 ,0.0055 ,0.0109 ,0.0017 ,0.0517 ,0.0048 ,0.0000 
0.250 ,0.375 ,0.125 ,0.563 ,0.038 ,-0.077 ,0.009 ,-0.027 ,0.007 ,0.0599 ,0.0080 ,0.0384 ,0.0056 ,0.0174 ,0.0024 ,0.0579 ,0.0050 ,0.0000 
0.250 ,0.375 ,0.250 ,0.565 ,0.038 ,-0.086 ,0.009 ,-0.027 ,0.007 ,0.0674 ,0.0091 ,0.0369 ,0.0054 ,0.0329 ,0.0037 ,0.0686 ,0.0056 ,0.0000 
0.250 ,0.375 ,0.500 ,0.638 ,0.041 ,-0.079 ,0.009 ,0.004 ,0.007 ,0.0763 ,0.0100 ,0.0395 ,0.0057 ,0.0452 ,0.0045 ,0.0805 ,0.0062 ,0.0000 
0.250 ,0.375 ,0.750 ,0.841 ,0.055 ,-0.125 ,0.012 ,-0.055 ,0.011 ,0.0842 ,0.0110 ,0.0384 ,0.0056 ,0.0459 ,0.0045 ,0.0842 ,0.0066 ,0.0000 
0.250 ,0.375 ,0.875 ,0.938 ,0.062 ,-0.084 ,0.012 ,-0.064 ,0.012 ,0.0608 ,0.0084 ,0.0349 ,0.0052 ,0.0393 ,0.0040 ,0.0675 ,0.0053 ,0.0000 
0.250 ,0.375 ,0.950 ,0.963 ,0.063 ,-0.078 ,0.012 ,-0.073 ,0.012 ,0.0567 ,0.0079 ,0.0316 ,0.0048 ,0.0282 ,0.0032 ,0.0582 ,0.0049 ,0.0000 
0.250 ,0.375 ,1.000 ,0.984 ,0.064 ,-0.059 ,0.012 ,-0.073 ,0.012 ,0.0541 ,0.0073 ,0.0318 ,0.0049 ,0.0216 ,0.0027 ,0.0538 ,0.0046 ,0.0000 
0.250 ,0.375 ,1.050 ,1.009 ,0.067 ,-0.054 ,0.012 ,-0.076 ,0.012 ,0.0507 ,0.0068 ,0.0308 ,0.0047 ,0.0166 ,0.0022 ,0.0491 ,0.0043 ,0.0000 
0.250 ,0.375 ,1.125 ,1.040 ,0.067 ,-0.048 ,0.012 ,-0.076 ,0.013 ,0.0453 ,0.0061 ,0.0301 ,0.0047 ,0.0125 ,0.0019 ,0.0440 ,0.0040 ,0.0000 
0.250 ,0.375 ,1.250 ,1.076 ,0.071 ,-0.034 ,0.012 ,-0.064 ,0.013 ,0.0354 ,0.0054 ,0.0230 ,0.0037 ,0.0111 ,0.0017 ,0.0347 ,0.0034 ,0.0000 
0.250 ,0.375 ,1.500 ,1.114 ,0.072 ,-0.010 ,0.012 ,-0.016 ,0.013 ,0.0273 ,0.0040 ,0.0156 ,0.0029 ,0.0113 ,0.0017 ,0.0271 ,0.0026 ,0.0000 
0.250 ,0.500 ,0.005 ,0.566 ,0.037 ,-0.018 ,0.007 ,-0.016 ,0.006 ,0.0319 ,0.0046 ,0.0351 ,0.0052 ,0.0004 ,0.0002 ,0.0337 ,0.0034 ,0.0000 
0.250 ,0.500 ,0.050 ,0.660 ,0.043 ,0.009 ,0.008 ,-0.021 ,0.008 ,0.0418 ,0.0057 ,0.0348 ,0.0051 ,0.0097 ,0.0015 ,0.0432 ,0.0039 ,0.0000 
0.250 ,0.500 ,0.125 ,0.684 ,0.045 ,-0.055 ,0.009 ,-0.039 ,0.008 ,0.0444 ,0.0061 ,0.0342 ,0.0051 ,0.0154 ,0.0021 ,0.0470 ,0.0041 ,0.0000 
0.250 ,0.500 ,0.250 ,0.747 ,0.049 ,-0.068 ,0.010 ,-0.058 ,0.010 ,0.0515 ,0.0070 ,0.0291 ,0.0045 ,0.0254 ,0.0029 ,0.0530 ,0.0044 ,0.0000 
0.250 ,0.500 ,0.500 ,0.848 ,0.055 ,-0.062 ,0.010 ,-0.020 ,0.010 ,0.0613 ,0.0082 ,0.0351 ,0.0052 ,0.0274 ,0.0031 ,0.0619 ,0.0051 ,0.0000 
0.250 ,0.500 ,0.750 ,0.917 ,0.059 ,-0.086 ,0.012 ,-0.048 ,0.011 ,0.0553 ,0.0073 ,0.0320 ,0.0048 ,0.0251 ,0.0029 ,0.0562 ,0.0046 ,0.0000 
0.250 ,0.500 ,0.875 ,0.957 ,0.062 ,-0.078 ,0.012 ,-0.050 ,0.012 ,0.0530 ,0.0076 ,0.0263 ,0.0041 ,0.0225 ,0.0027 ,0.0509 ,0.0045 ,0.0000 
0.250 ,0.500 ,0.950 ,0.985 ,0.064 ,-0.063 ,0.012 ,-0.049 ,0.011 ,0.0436 ,0.0058 ,0.0263 ,0.0041 ,0.0180 ,0.0023 ,0.0439 ,0.0037 ,0.0000 
0.250 ,0.500 ,1.000 ,0.998 ,0.065 ,-0.053 ,0.012 ,-0.048 ,0.025 ,0.0426 ,0.0058 ,0.0279 ,0.0044 ,0.0232 ,0.0040 ,0.0469 ,0.0041 ,0.0000 
0.250 ,0.500 ,1.050 ,1.022 ,0.067 ,-0.050 ,0.012 ,-0.041 ,0.012 ,0.0425 ,0.0057 ,0.0284 ,0.0045 ,0.0135 ,0.0019 ,0.0422 ,0.0038 ,0.0000 
0.250 ,0.500 ,1.125 ,1.052 ,0.068 ,-0.045 ,0.013 ,-0.043 ,0.012 ,0.0406 ,0.0056 ,0.0284 ,0.0044 ,0.0120 ,0.0018 ,0.0405 ,0.0037 ,0.0000 
0.250 ,0.500 ,1.250 ,1.069 ,0.071 ,-0.033 ,0.012 ,-0.039 ,0.012 ,0.0349 ,0.0047 ,0.0223 ,0.0037 ,0.0116 ,0.0017 ,0.0344 ,0.0031 ,0.0000 
0.250 ,0.500 ,1.500 ,1.116 ,0.072 ,-0.011 ,0.013 ,-0.015 ,0.013 ,0.0280 ,0.0041 ,0.0155 ,0.0029 ,0.0115 ,0.0017 ,0.0275 ,0.0026 ,0.0000 
0.250 ,0.625 ,0.005 ,0.619 ,0.040 ,0.013 ,0.009 ,-0.005 ,0.007 ,0.0256 ,0.0038 ,0.0380 ,0.0056 ,0.0003 ,0.0002 ,0.0319 ,0.0034 ,0.0000 
0.250 ,0.625 ,0.050 ,0.693 ,0.045 ,0.065 ,0.009 ,-0.005 ,0.008 ,0.0311 ,0.0042 ,0.0332 ,0.0049 ,0.0071 ,0.0013 ,0.0357 ,0.0033 ,0.0000 
0.250 ,0.625 ,0.125 ,0.723 ,0.047 ,-0.029 ,0.008 ,-0.061 ,0.009 ,0.0366 ,0.0050 ,0.0316 ,0.0048 ,0.0125 ,0.0018 ,0.0403 ,0.0036 ,0.0000 
0.250 ,0.625 ,0.250 ,0.762 ,0.049 ,-0.049 ,0.009 ,-0.045 ,0.010 ,0.0364 ,0.0049 ,0.0297 ,0.0046 ,0.0190 ,0.0025 ,0.0425 ,0.0036 ,0.0000 
0.250 ,0.625 ,0.500 ,0.862 ,0.056 ,-0.057 ,0.011 ,-0.026 ,0.010 ,0.0477 ,0.0065 ,0.0336 ,0.0050 ,0.0169 ,0.0022 ,0.0491 ,0.0043 ,0.0000 
0.250 ,0.625 ,0.750 ,0.953 ,0.062 ,-0.066 ,0.012 ,-0.024 ,0.011 ,0.0417 ,0.0057 ,0.0358 ,0.0053 ,0.0158 ,0.0021 ,0.0466 ,0.0040 ,0.0000 
0.250 ,0.625 ,0.875 ,0.986 ,0.064 ,-0.059 ,0.012 ,-0.023 ,0.011 ,0.0422 ,0.0056 ,0.0280 ,0.0044 ,0.0158 ,0.0021 ,0.0430 ,0.0037 ,0.0000 
0.250 ,0.625 ,0.950 ,1.015 ,0.066 ,-0.046 ,0.012 ,-0.016 ,0.011 ,0.0381 ,0.0052 ,0.0293 ,0.0045 ,0.0155 ,0.0021 ,0.0414 ,0.0036 ,0.0000 
0.250 ,0.625 ,1.000 ,1.021 ,0.066 ,-0.041 ,0.012 ,-0.018 ,0.012 ,0.0394 ,0.0053 ,0.0299 ,0.0046 ,0.0140 ,0.0020 ,0.0417 ,0.0036 ,0.0000 
0.250 ,0.625 ,1.050 ,1.020 ,0.066 ,-0.043 ,0.012 ,-0.024 ,0.012 ,0.0410 ,0.0055 ,0.0312 ,0.0047 ,0.0118 ,0.0018 ,0.0420 ,0.0037 ,0.0000 
0.250 ,0.625 ,1.125 ,1.040 ,0.068 ,-0.035 ,0.012 ,-0.023 ,0.012 ,0.0413 ,0.0056 ,0.0303 ,0.0047 ,0.0118 ,0.0018 ,0.0417 ,0.0037 ,0.0000 
0.250 ,0.625 ,1.250 ,1.067 ,0.069 ,-0.019 ,0.012 ,-0.025 ,0.012 ,0.0310 ,0.0042 ,0.0219 ,0.0036 ,0.0118 ,0.0017 ,0.0324 ,0.0029 ,0.0000 
0.250 ,0.625 ,1.500 ,1.110 ,0.072 ,-0.002 ,0.012 ,-0.013 ,0.012 ,0.0248 ,0.0035 ,0.0152 ,0.0029 ,0.0114 ,0.0017 ,0.0258 ,0.0024 ,0.0000 
0.250 ,0.750 ,0.005 ,0.621 ,0.041 ,0.021 ,0.008 ,-0.001 ,0.007 ,0.0204 ,0.0029 ,0.0284 ,0.0044 ,0.0002 ,0.0002 ,0.0245 ,0.0026 ,0.0000 
0.250 ,0.750 ,0.050 ,0.708 ,0.046 ,0.097 ,0.010 ,-0.004 ,0.008 ,0.0234 ,0.0032 ,0.0317 ,0.0048 ,0.0059 ,0.0011 ,0.0305 ,0.0029 ,0.0000 
0.250 ,0.750 ,0.125 ,0.745 ,0.048 ,-0.023 ,0.009 ,-0.018 ,0.008 ,0.0346 ,0.0047 ,0.0307 ,0.0047 ,0.0113 ,0.0017 ,0.0383 ,0.0034 ,0.0000 
0.250 ,0.750 ,0.250 ,0.767 ,0.050 ,-0.040 ,0.009 ,-0.015 ,0.009 ,0.0360 ,0.0049 ,0.0314 ,0.0047 ,0.0140 ,0.0019 ,0.0407 ,0.0035 ,0.0000 
0.250 ,0.750 ,0.500 ,0.878 ,0.057 ,-0.043 ,0.010 ,-0.013 ,0.010 ,0.0448 ,0.0063 ,0.0348 ,0.0052 ,0.0172 ,0.0022 ,0.0484 ,0.0042 ,0.0000 
0.250 ,0.750 ,0.750 ,0.970 ,0.063 ,-0.056 ,0.012 ,-0.010 ,0.011 ,0.0426 ,0.0066 ,0.0316 ,0.0048 ,0.0162 ,0.0022 ,0.0452 ,0.0042 ,0.0000 
0.250 ,0.750 ,0.875 ,1.012 ,0.066 ,-0.047 ,0.012 ,-0.011 ,0.011 ,0.0387 ,0.0054 ,0.0304 ,0.0046 ,0.0144 ,0.0020 ,0.0418 ,0.0037 ,0.0000 
0.250 ,0.750 ,0.950 ,1.026 ,0.067 ,-0.041 ,0.012 ,-0.010 ,0.012 ,0.0419 ,0.0056 ,0.0318 ,0.0048 ,0.0144 ,0.0020 ,0.0441 ,0.0038 ,0.0000 
0.250 ,0.750 ,1.000 ,1.028 ,0.066 ,-0.038 ,0.012 ,-0.012 ,0.012 ,0.0356 ,0.0048 ,0.0307 ,0.0047 ,0.0149 ,0.0020 ,0.0406 ,0.0035 ,0.0000 
0.250 ,0.750 ,1.050 ,1.032 ,0.067 ,-0.024 ,0.012 ,-0.014 ,0.012 ,0.0372 ,0.0050 ,0.0280 ,0.0044 ,0.0124 ,0.0018 ,0.0388 ,0.0034 ,0.0000 
0.250 ,0.750 ,1.125 ,1.051 ,0.068 ,-0.022 ,0.012 ,-0.016 ,0.012 ,0.0360 ,0.0049 ,0.0313 ,0.0047 ,0.0123 ,0.0018 ,0.0398 ,0.0035 ,0.0000 
0.250 ,0.750 ,1.250 ,1.064 ,0.069 ,-0.009 ,0.012 ,-0.017 ,0.012 ,0.0347 ,0.0047 ,0.0231 ,0.0039 ,0.0115 ,0.0017 ,0.0346 ,0.0032 ,0.0000 
0.250 ,0.750 ,1.500 ,1.108 ,0.072 ,-0.001 ,0.013 ,-0.006 ,0.012 ,0.0266 ,0.0037 ,0.0152 ,0.0028 ,0.0124 ,0.0019 ,0.0271 ,0.0025 ,0.0000 
0.250 ,1.000 ,0.005 ,0.622 ,0.040 ,0.001 ,0.009 ,-0.006 ,0.007 ,0.0161 ,0.0023 ,0.0454 ,0.0064 ,0.0002 ,0.0002 ,0.0308 ,0.0034 ,0.0000 
0.250 ,1.000 ,0.050 ,0.707 ,0.046 ,0.109 ,0.012 ,0.011 ,0.008 ,0.0184 ,0.0026 ,0.0358 ,0.0053 ,0.0041 ,0.0009 ,0.0291 ,0.0030 ,0.0000 
0.250 ,1.000 ,0.125 ,0.755 ,0.049 ,0.024 ,0.009 ,0.004 ,0.009 ,0.0203 ,0.0029 ,0.0350 ,0.0052 ,0.0095 ,0.0015 ,0.0324 ,0.0031 ,0.0000 
0.250 ,1.000 ,0.250 ,0.788 ,0.051 ,-0.031 ,0.010 ,0.006 ,0.009 ,0.0249 ,0.0035 ,0.0354 ,0.0052 ,0.0153 ,0.0021 ,0.0378 ,0.0033 ,0.0000 
0.250 ,1.000 ,0.500 ,0.888 ,0.058 ,-0.035 ,0.010 ,0.004 ,0.010 ,0.0303 ,0.0041 ,0.0369 ,0.0055 ,0.0165 ,0.0022 ,0.0418 ,0.0036 ,0.0000 
0.250 ,1.000 ,0.750 ,0.975 ,0.064 ,-0.025 ,0.011 ,0.002 ,0.011 ,0.0306 ,0.0041 ,0.0336 ,0.0050 ,0.0143 ,0.0020 ,0.0392 ,0.0034 ,0.0000 
0.250 ,1.000 ,0.875 ,1.012 ,0.066 ,-0.033 ,0.012 ,0.002 ,0.012 ,0.0310 ,0.0045 ,0.0330 ,0.0049 ,0.0147 ,0.0020 ,0.0394 ,0.0035 ,0.0000 
0.250 ,1.000 ,0.950 ,1.030 ,0.067 ,-0.027 ,0.012 ,0.002 ,0.011 ,0.0264 ,0.0038 ,0.0321 ,0.0048 ,0.0147 ,0.0020 ,0.0366 ,0.0032 ,0.0000 
0.250 ,1.000 ,1.000 ,1.033 ,0.067 ,-0.016 ,0.012 ,0.001 ,0.012 ,0.0287 ,0.0040 ,0.0319 ,0.0048 ,0.0140 ,0.0019 ,0.0373 ,0.0033 ,0.0000 
0.250 ,1.000 ,1.050 ,1.038 ,0.069 ,-0.022 ,0.012 ,-0.002 ,0.012 ,0.0288 ,0.0040 ,0.0323 ,0.0048 ,0.0125 ,0.0019 ,0.0368 ,0.0033 ,0.0000 
0.250 ,1.000 ,1.125 ,1.052 ,0.069 ,-0.018 ,0.012 ,-0.003 ,0.012 ,0.0321 ,0.0052 ,0.0313 ,0.0047 ,0.0121 ,0.0018 ,0.0377 ,0.0036 ,0.0000 
0.250 ,1.000 ,1.250 ,1.069 ,0.069 ,-0.011 ,0.012 ,-0.008 ,0.012 ,0.0271 ,0.0037 ,0.0238 ,0.0039 ,0.0125 ,0.0018 ,0.0317 ,0.0028 ,0.0000 
0.250 ,1.000 ,1.500 ,1.108 ,0.072 ,-0.001 ,0.012 ,-0.005 ,0.012 ,0.0276 ,0.0039 ,0.0165 ,0.0030 ,0.0124 ,0.0018 ,0.0282 ,0.0026 ,0.0000 
0.500 ,0.000 ,0.005 ,-0.056 ,0.009 ,0.008 ,0.004 ,0.005 ,0.002 ,0.0152 ,0.0021 ,0.0449 ,0.0064 ,0.0017 ,0.0005 ,0.0309 ,0.0034 ,0.0000 
0.500 ,0.000 ,0.050 ,-0.058 ,0.013 ,-0.002 ,0.003 ,0.014 ,0.003 ,0.0252 ,0.0034 ,0.0467 ,0.0066 ,0.0122 ,0.0018 ,0.0420 ,0.0038 ,0.0000 
0.500 ,0.000 ,0.125 ,-0.058 ,0.014 ,0.003 ,0.005 ,0.023 ,0.005 ,0.0325 ,0.0044 ,0.0487 ,0.0069 ,0.0225 ,0.0028 ,0.0518 ,0.0043 ,0.0000 
0.500 ,0.000 ,0.250 ,-0.055 ,0.016 ,0.003 ,0.003 ,0.022 ,0.003 ,0.0318 ,0.0043 ,0.0505 ,0.0071 ,0.0367 ,0.0043 ,0.0595 ,0.0047 ,0.0000 
0.500 ,0.000 ,0.500 ,-0.049 ,0.018 ,0.001 ,0.003 ,-0.032 ,0.005 ,0.0347 ,0.0047 ,0.0537 ,0.0076 ,0.0488 ,0.0049 ,0.0686 ,0.0051 ,0.0000 
0.500 ,0.000 ,0.750 ,0.036 ,0.021 ,0.003 ,0.004 ,-0.060 ,0.006 ,0.0356 ,0.0048 ,0.0569 ,0.0078 ,0.0551 ,0.0052 ,0.0738 ,0.0053 ,0.0000 
0.500 ,0.000 ,0.875 ,0.209 ,0.031 ,-0.008 ,0.005 ,-0.153 ,0.012 ,0.0497 ,0.0066 ,0.0612 ,0.0083 ,0.0590 ,0.0056 ,0.0849 ,0.0060 ,0.0000 
0.500 ,0.000 ,0.950 ,0.440 ,0.047 ,-0.012 ,0.007 ,-0.184 ,0.014 ,0.0751 ,0.0098 ,0.0528 ,0.0074 ,0.0341 ,0.0036 ,0.0810 ,0.0064 ,0.0000 
0.500 ,0.000 ,1.000 ,0.612 ,0.055 ,-0.015 ,0.008 ,-0.168 ,0.015 ,0.0881 ,0.0115 ,0.0464 ,0.0065 ,0.0252 ,0.0030 ,0.0799 ,0.0068 ,0.0000 
0.500 ,0.000 ,1.050 ,0.842 ,0.062 ,-0.013 ,0.008 ,-0.157 ,0.015 ,0.0808 ,0.0106 ,0.0426 ,0.0061 ,0.0167 ,0.0022 ,0.0701 ,0.0062 ,0.0000 
0.500 ,0.000 ,1.125 ,0.968 ,0.067 ,-0.011 ,0.008 ,-0.134 ,0.015 ,0.0725 ,0.0098 ,0.0357 ,0.0053 ,0.0129 ,0.0019 ,0.0605 ,0.0056 ,0.0000 
0.500 ,0.000 ,1.250 ,1.048 ,0.072 ,-0.011 ,0.008 ,-0.104 ,0.014 ,0.0563 ,0.0075 ,0.0252 ,0.0040 ,0.0105 ,0.0017 ,0.0461 ,0.0043 ,0.0000 
0.500 ,0.000 ,1.500 ,1.116 ,0.076 ,-0.008 ,0.008 ,-0.007 ,0.013 ,0.0274 ,0.0039 ,0.0181 ,0.0033 ,0.0122 ,0.0018 ,0.0288 ,0.0027 ,0.0000 
0.500 ,0.125 ,0.005 ,0.006 ,0.011 ,-0.041 ,0.006 ,-0.027 ,0.003 ,0.0237 ,0.0034 ,0.0431 ,0.0063 ,0.0019 ,0.0006 ,0.0344 ,0.0036 ,0.0000 
0.500 ,0.125 ,0.050 ,0.051 ,0.019 ,-0.077 ,0.007 ,0.002 ,0.003 ,0.0406 ,0.0055 ,0.0451 ,0.0064 ,0.0111 ,0.0017 ,0.0484 ,0.0043 ,0.0000 
0.500 ,0.125 ,0.125 ,0.064 ,0.017 ,-0.073 ,0.007 ,-0.001 ,0.004 ,0.0472 ,0.0063 ,0.0495 ,0.0069 ,0.0230 ,0.0027 ,0.0598 ,0.0049 ,0.0000 
0.500 ,0.125 ,0.250 ,0.057 ,0.019 ,-0.059 ,0.007 ,-0.018 ,0.004 ,0.0434 ,0.0058 ,0.0539 ,0.0077 ,0.0364 ,0.0043 ,0.0669 ,0.0053 ,0.0000 
0.500 ,0.125 ,0.500 ,0.082 ,0.022 ,-0.077 ,0.006 ,-0.075 ,0.007 ,0.0465 ,0.0062 ,0.0601 ,0.0081 ,0.0474 ,0.0046 ,0.0770 ,0.0056 ,0.0000 
0.500 ,0.125 ,0.750 ,0.171 ,0.025 ,-0.066 ,0.009 ,-0.097 ,0.009 ,0.0488 ,0.0065 ,0.0734 ,0.0097 ,0.0548 ,0.0053 ,0.0885 ,0.0064 ,0.0000 
0.500 ,0.125 ,0.875 ,0.305 ,0.033 ,-0.047 ,0.006 ,-0.156 ,0.013 ,0.0486 ,0.0065 ,0.0674 ,0.0090 ,0.0534 ,0.0050 ,0.0847 ,0.0061 ,0.0000 
0.500 ,0.125 ,0.950 ,0.509 ,0.046 ,-0.058 ,0.008 ,-0.164 ,0.014 ,0.0704 ,0.0093 ,0.0492 ,0.0068 ,0.0379 ,0.0040 ,0.0788 ,0.0061 ,0.0000 
0.500 ,0.125 ,1.000 ,0.686 ,0.056 ,-0.057 ,0.008 ,-0.163 ,0.014 ,0.0789 ,0.0104 ,0.0451 ,0.0064 ,0.0253 ,0.0030 ,0.0746 ,0.0063 ,0.0000 
0.500 ,0.125 ,1.050 ,0.859 ,0.063 ,-0.061 ,0.009 ,-0.154 ,0.015 ,0.0769 ,0.0103 ,0.0400 ,0.0058 ,0.0185 ,0.0024 ,0.0677 ,0.0060 ,0.0000 
0.500 ,0.125 ,1.125 ,0.963 ,0.069 ,-0.055 ,0.009 ,-0.144 ,0.015 ,0.0714 ,0.0094 ,0.0357 ,0.0053 ,0.0133 ,0.0019 ,0.0602 ,0.0055 ,0.0000 
0.500 ,0.125 ,1.250 ,1.044 ,0.072 ,-0.028 ,0.008 ,-0.113 ,0.014 ,0.0514 ,0.0069 ,0.0247 ,0.0039 ,0.0112 ,0.0017 ,0.0436 ,0.0041 ,0.0000 
0.500 ,0.125 ,1.500 ,1.114 ,0.075 ,-0.008 ,0.008 ,-0.008 ,0.013 ,0.0232 ,0.0032 ,0.0198 ,0.0034 ,0.0126 ,0.0018 ,0.0278 ,0.0025 ,0.0000 
0.500 ,0.200 ,0.005 ,0.086 ,0.018 ,-0.052 ,0.011 ,-0.047 ,0.004 ,0.0354 ,0.0049 ,0.0426 ,0.0061 ,0.0016 ,0.0005 ,0.0398 ,0.0039 ,0.0000 
0.500 ,0.200 ,0.050 ,0.140 ,0.024 ,-0.093 ,0.008 ,-0.013 ,0.004 ,0.0626 ,0.0084 ,0.0452 ,0.0064 ,0.0110 ,0.0017 ,0.0594 ,0.0053 ,0.0000 
0.500 ,0.200 ,0.125 ,0.158 ,0.024 ,-0.110 ,0.009 ,-0.022 ,0.006 ,0.0744 ,0.0098 ,0.0488 ,0.0068 ,0.0228 ,0.0029 ,0.0730 ,0.0061 ,0.0000 
0.500 ,0.200 ,0.250 ,0.161 ,0.025 ,-0.118 ,0.009 ,-0.027 ,0.005 ,0.0808 ,0.0106 ,0.0528 ,0.0074 ,0.0323 ,0.0036 ,0.0830 ,0.0067 ,0.0000 
0.500 ,0.200 ,0.500 ,0.218 ,0.028 ,-0.134 ,0.010 ,-0.106 ,0.012 ,0.0817 ,0.0107 ,0.0599 ,0.0081 ,0.0458 ,0.0046 ,0.0937 ,0.0071 ,0.0000 
0.500 ,0.200 ,0.750 ,0.297 ,0.035 ,-0.148 ,0.011 ,-0.142 ,0.012 ,0.0843 ,0.0110 ,0.0667 ,0.0090 ,0.0498 ,0.0051 ,0.1004 ,0.0075 ,0.0000 
0.500 ,0.200 ,0.875 ,0.408 ,0.040 ,-0.099 ,0.009 ,-0.149 ,0.013 ,0.0675 ,0.0089 ,0.0664 ,0.0089 ,0.0471 ,0.0046 ,0.0905 ,0.0067 ,0.0000 
0.500 ,0.200 ,0.950 ,0.590 ,0.052 ,-0.081 ,0.010 ,-0.163 ,0.015 ,0.0741 ,0.0098 ,0.0506 ,0.0071 ,0.0357 ,0.0037 ,0.0802 ,0.0063 ,0.0000 
0.500 ,0.200 ,1.000 ,0.703 ,0.059 ,-0.076 ,0.009 ,-0.179 ,0.016 ,0.0802 ,0.0105 ,0.0419 ,0.0060 ,0.0259 ,0.0030 ,0.0740 ,0.0062 ,0.0000 
0.500 ,0.200 ,1.050 ,0.852 ,0.064 ,-0.068 ,0.009 ,-0.140 ,0.015 ,0.0806 ,0.0106 ,0.0378 ,0.0055 ,0.0206 ,0.0026 ,0.0695 ,0.0061 ,0.0000 
0.500 ,0.200 ,1.125 ,0.959 ,0.069 ,-0.053 ,0.008 ,-0.133 ,0.015 ,0.0614 ,0.0084 ,0.0347 ,0.0052 ,0.0142 ,0.0020 ,0.0552 ,0.0050 ,0.0000 
0.500 ,0.200 ,1.250 ,1.074 ,0.072 ,-0.028 ,0.009 ,-0.113 ,0.015 ,0.0512 ,0.0068 ,0.0236 ,0.0038 ,0.0117 ,0.0017 ,0.0433 ,0.0040 ,0.0000 
0.500 ,0.200 ,1.500 ,1.111 ,0.076 ,-0.009 ,0.008 ,-0.008 ,0.013 ,0.0236 ,0.0033 ,0.0175 ,0.0030 ,0.0119 ,0.0018 ,0.0265 ,0.0024 ,0.0000 
0.500 ,0.250 ,0.005 ,0.145 ,0.024 ,-0.091 ,0.008 ,-0.047 ,0.005 ,0.0436 ,0.0069 ,0.0341 ,0.0051 ,0.0013 ,0.0004 ,0.0395 ,0.0043 ,0.0000 
0.500 ,0.250 ,0.050 ,0.205 ,0.028 ,-0.084 ,0.007 ,-0.023 ,0.006 ,0.0726 ,0.0098 ,0.0391 ,0.0058 ,0.0105 ,0.0016 ,0.0611 ,0.0057 ,0.0000 
0.500 ,0.250 ,0.125 ,0.263 ,0.032 ,-0.138 ,0.010 ,-0.030 ,0.005 ,0.0805 ,0.0107 ,0.0441 ,0.0063 ,0.0215 ,0.0026 ,0.0730 ,0.0063 ,0.0000 
0.500 ,0.250 ,0.250 ,0.222 ,0.030 ,-0.153 ,0.011 ,-0.048 ,0.006 ,0.0886 ,0.0117 ,0.0508 ,0.0071 ,0.0305 ,0.0033 ,0.0849 ,0.0070 ,0.0000 
0.500 ,0.250 ,0.500 ,0.307 ,0.035 ,-0.160 ,0.012 ,-0.099 ,0.009 ,0.1045 ,0.0137 ,0.0535 ,0.0076 ,0.0476 ,0.0048 ,0.1028 ,0.0082 ,0.0000 
0.500 ,0.250 ,0.750 ,0.418 ,0.043 ,-0.170 ,0.013 ,-0.156 ,0.013 ,0.0996 ,0.0131 ,0.0570 ,0.0078 ,0.0457 ,0.0045 ,0.1012 ,0.0079 ,0.0000 
0.500 ,0.250 ,0.875 ,0.507 ,0.049 ,-0.127 ,0.011 ,-0.153 ,0.016 ,0.0820 ,0.0107 ,0.0611 ,0.0083 ,0.0415 ,0.0043 ,0.0924 ,0.0071 ,0.0000 
0.500 ,0.250 ,0.950 ,0.653 ,0.057 ,-0.102 ,0.010 ,-0.150 ,0.014 ,0.0766 ,0.0102 ,0.0450 ,0.0064 ,0.0324 ,0.0035 ,0.0770 ,0.0063 ,0.0000 
0.500 ,0.250 ,1.000 ,0.782 ,0.060 ,-0.082 ,0.010 ,-0.146 ,0.014 ,0.0773 ,0.0101 ,0.0405 ,0.0060 ,0.0252 ,0.0030 ,0.0715 ,0.0061 ,0.0000 
0.500 ,0.250 ,1.050 ,0.908 ,0.064 ,-0.080 ,0.009 ,-0.130 ,0.015 ,0.0711 ,0.0094 ,0.0354 ,0.0053 ,0.0196 ,0.0025 ,0.0630 ,0.0055 ,0.0000 
0.500 ,0.250 ,1.125 ,0.960 ,0.071 ,-0.061 ,0.009 ,-0.121 ,0.015 ,0.0556 ,0.0074 ,0.0318 ,0.0048 ,0.0143 ,0.0020 ,0.0508 ,0.0045 ,0.0000 
0.500 ,0.250 ,1.250 ,1.041 ,0.073 ,-0.033 ,0.008 ,-0.109 ,0.015 ,0.0483 ,0.0064 ,0.0245 ,0.0039 ,0.0119 ,0.0018 ,0.0423 ,0.0039 ,0.0000 
0.500 ,0.250 ,1.500 ,1.120 ,0.075 ,-0.007 ,0.008 ,-0.010 ,0.014 ,0.0236 ,0.0034 ,0.0186 ,0.0032 ,0.0126 ,0.0018 ,0.0274 ,0.0025 ,0.0000 
0.500 ,0.300 ,0.005 ,0.182 ,0.023 ,-0.089 ,0.010 ,-0.026 ,0.004 ,0.0451 ,0.0062 ,0.0315 ,0.0048 ,0.0008 ,0.0003 ,0.0387 ,0.0039 ,0.0000 
0.500 ,0.300 ,0.050 ,0.343 ,0.031 ,-0.084 ,0.007 ,-0.017 ,0.006 ,0.0629 ,0.0086 ,0.0354 ,0.0053 ,0.0096 ,0.0015 ,0.0539 ,0.0051 ,0.0000 
0.500 ,0.300 ,0.125 ,0.303 ,0.033 ,-0.133 ,0.010 ,-0.024 ,0.006 ,0.0921 ,0.0121 ,0.0394 ,0.0059 ,0.0212 ,0.0027 ,0.0763 ,0.0069 ,0.0000 
0.500 ,0.300 ,0.250 ,0.301 ,0.034 ,-0.158 ,0.012 ,-0.048 ,0.007 ,0.1014 ,0.0134 ,0.0456 ,0.0065 ,0.0309 ,0.0034 ,0.0890 ,0.0076 ,0.0000 
0.500 ,0.300 ,0.500 ,0.354 ,0.039 ,-0.171 ,0.012 ,-0.072 ,0.009 ,0.1039 ,0.0137 ,0.0526 ,0.0073 ,0.0471 ,0.0046 ,0.1018 ,0.0081 ,0.0000 
0.500 ,0.300 ,0.750 ,0.511 ,0.048 ,-0.194 ,0.015 ,-0.146 ,0.014 ,0.1029 ,0.0136 ,0.0491 ,0.0070 ,0.0442 ,0.0045 ,0.0982 ,0.0080 ,0.0000 
0.500 ,0.300 ,0.875 ,0.606 ,0.055 ,-0.140 ,0.012 ,-0.136 ,0.013 ,0.0901 ,0.0118 ,0.0492 ,0.0068 ,0.0352 ,0.0038 ,0.0873 ,0.0071 ,0.0000 
0.500 ,0.300 ,0.950 ,0.719 ,0.060 ,-0.103 ,0.010 ,-0.141 ,0.015 ,0.0819 ,0.0108 ,0.0388 ,0.0056 ,0.0290 ,0.0032 ,0.0748 ,0.0063 ,0.0000 
0.500 ,0.300 ,1.000 ,0.820 ,0.063 ,-0.090 ,0.010 ,-0.133 ,0.017 ,0.0784 ,0.0103 ,0.0387 ,0.0057 ,0.0239 ,0.0028 ,0.0705 ,0.0061 ,0.0000 
0.500 ,0.300 ,1.050 ,0.933 ,0.067 ,-0.077 ,0.009 ,-0.146 ,0.015 ,0.0712 ,0.0095 ,0.0335 ,0.0050 ,0.0185 ,0.0024 ,0.0616 ,0.0055 ,0.0000 
0.500 ,0.300 ,1.125 ,0.996 ,0.068 ,-0.062 ,0.009 ,-0.143 ,0.015 ,0.0602 ,0.0080 ,0.0306 ,0.0047 ,0.0142 ,0.0020 ,0.0525 ,0.0047 ,0.0000 
0.500 ,0.300 ,1.250 ,1.061 ,0.072 ,-0.032 ,0.008 ,-0.113 ,0.015 ,0.0503 ,0.0069 ,0.0228 ,0.0037 ,0.0125 ,0.0018 ,0.0428 ,0.0040 ,0.0000 
0.500 ,0.300 ,1.500 ,1.119 ,0.075 ,-0.009 ,0.008 ,-0.009 ,0.013 ,0.0221 ,0.0031 ,0.0194 ,0.0034 ,0.0123 ,0.0018 ,0.0269 ,0.0025 ,0.0000 
0.500 ,0.375 ,0.005 ,0.243 ,0.025 ,-0.070 ,0.006 ,-0.011 ,0.004 ,0.0399 ,0.0067 ,0.0272 ,0.0044 ,0.0007 ,0.0003 ,0.0339 ,0.0040 ,0.0000 
0.500 ,0.375 ,0.050 ,0.453 ,0.035 ,-0.069 ,0.007 ,-0.004 ,0.006 ,0.0671 ,0.0092 ,0.0298 ,0.0046 ,0.0093 ,0.0015 ,0.0531 ,0.0052 ,0.0000 
0.500 ,0.375 ,0.125 ,0.404 ,0.037 ,-0.144 ,0.011 ,-0.018 ,0.007 ,0.0862 ,0.0113 ,0.0365 ,0.0054 ,0.0187 ,0.0025 ,0.0707 ,0.0064 ,0.0000 
0.500 ,0.375 ,0.250 ,0.410 ,0.040 ,-0.165 ,0.013 ,-0.041 ,0.008 ,0.0874 ,0.0116 ,0.0422 ,0.0060 ,0.0283 ,0.0033 ,0.0789 ,0.0067 ,0.0000 
0.500 ,0.375 ,0.500 ,0.470 ,0.044 ,-0.175 ,0.013 ,-0.074 ,0.010 ,0.0997 ,0.0130 ,0.0485 ,0.0068 ,0.0357 ,0.0037 ,0.0920 ,0.0076 ,0.0000 
0.500 ,0.375 ,0.750 ,0.638 ,0.055 ,-0.176 ,0.014 ,-0.118 ,0.012 ,0.0889 ,0.0116 ,0.0441 ,0.0063 ,0.0340 ,0.0042 ,0.0835 ,0.0069 ,0.0000 
0.500 ,0.375 ,0.875 ,0.721 ,0.064 ,-0.136 ,0.012 ,-0.124 ,0.014 ,0.0790 ,0.0106 ,0.0404 ,0.0058 ,0.0268 ,0.0031 ,0.0731 ,0.0062 ,0.0000 
0.500 ,0.375 ,0.950 ,0.788 ,0.063 ,-0.108 ,0.010 ,-0.118 ,0.013 ,0.0724 ,0.0098 ,0.0350 ,0.0052 ,0.0210 ,0.0026 ,0.0642 ,0.0057 ,0.0000 
0.500 ,0.375 ,1.000 ,0.892 ,0.066 ,-0.091 ,0.010 ,-0.100 ,0.013 ,0.0708 ,0.0094 ,0.0341 ,0.0051 ,0.0191 ,0.0024 ,0.0620 ,0.0055 ,0.0000 
0.500 ,0.375 ,1.050 ,0.963 ,0.068 ,-0.085 ,0.009 ,-0.094 ,0.013 ,0.0601 ,0.0080 ,0.0293 ,0.0045 ,0.0174 ,0.0023 ,0.0534 ,0.0047 ,0.0000 
0.500 ,0.375 ,1.125 ,1.013 ,0.070 ,-0.063 ,0.009 ,-0.085 ,0.013 ,0.0557 ,0.0074 ,0.0296 ,0.0045 ,0.0132 ,0.0019 ,0.0493 ,0.0044 ,0.0000 
0.500 ,0.375 ,1.250 ,1.074 ,0.074 ,-0.029 ,0.008 ,-0.067 ,0.014 ,0.0483 ,0.0069 ,0.0229 ,0.0037 ,0.0122 ,0.0018 ,0.0417 ,0.0040 ,0.0000 
0.500 ,0.375 ,1.500 ,1.135 ,0.077 ,-0.011 ,0.008 ,-0.006 ,0.013 ,0.0248 ,0.0037 ,0.0189 ,0.0032 ,0.0119 ,0.0017 ,0.0278 ,0.0026 ,0.0000 
0.500 ,0.500 ,0.005 ,0.337 ,0.028 ,-0.044 ,0.006 ,-0.014 ,0.005 ,0.0242 ,0.0036 ,0.0205 ,0.0035 ,0.0005 ,0.0003 ,0.0226 ,0.0025 ,0.0000 
0.500 ,0.500 ,0.050 ,0.538 ,0.041 ,-0.028 ,0.005 ,0.008 ,0.007 ,0.0467 ,0.0063 ,0.0254 ,0.0041 ,0.0075 ,0.0013 ,0.0398 ,0.0038 ,0.0000 
0.500 ,0.500 ,0.125 ,0.506 ,0.043 ,-0.125 ,0.011 ,-0.012 ,0.008 ,0.0690 ,0.0091 ,0.0299 ,0.0046 ,0.0147 ,0.0021 ,0.0568 ,0.0052 ,0.0000 
0.500 ,0.500 ,0.250 ,0.504 ,0.046 ,-0.160 ,0.012 ,-0.039 ,0.009 ,0.0888 ,0.0117 ,0.0365 ,0.0054 ,0.0213 ,0.0027 ,0.0733 ,0.0066 ,0.0000 
0.500 ,0.500 ,0.500 ,0.610 ,0.052 ,-0.158 ,0.012 ,-0.064 ,0.010 ,0.0735 ,0.0098 ,0.0420 ,0.0061 ,0.0234 ,0.0028 ,0.0695 ,0.0059 ,0.0000 
0.500 ,0.500 ,0.750 ,0.761 ,0.061 ,-0.150 ,0.012 ,-0.092 ,0.012 ,0.0763 ,0.0100 ,0.0360 ,0.0053 ,0.0218 ,0.0027 ,0.0671 ,0.0058 ,0.0000 
0.500 ,0.500 ,0.875 ,0.825 ,0.064 ,-0.104 ,0.010 ,-0.087 ,0.013 ,0.0652 ,0.0090 ,0.0333 ,0.0050 ,0.0203 ,0.0027 ,0.0594 ,0.0053 ,0.0000 
0.500 ,0.500 ,0.950 ,0.860 ,0.068 ,-0.103 ,0.013 ,-0.091 ,0.014 ,0.0577 ,0.0076 ,0.0286 ,0.0045 ,0.0168 ,0.0022 ,0.0516 ,0.0046 ,0.0000 
0.500 ,0.500 ,1.000 ,0.905 ,0.068 ,-0.090 ,0.010 ,-0.088 ,0.013 ,0.0543 ,0.0073 ,0.0289 ,0.0045 ,0.0159 ,0.0022 ,0.0495 ,0.0044 ,0.0000 
0.500 ,0.500 ,1.050 ,0.971 ,0.069 ,-0.077 ,0.009 ,-0.083 ,0.013 ,0.0572 ,0.0076 ,0.0280 ,0.0044 ,0.0144 ,0.0020 ,0.0498 ,0.0045 ,0.0000 
0.500 ,0.500 ,1.125 ,1.052 ,0.070 ,-0.067 ,0.010 ,-0.070 ,0.013 ,0.0449 ,0.0061 ,0.0267 ,0.0042 ,0.0133 ,0.0019 ,0.0424 ,0.0038 ,0.0000 
0.500 ,0.500 ,1.250 ,1.052 ,0.074 ,-0.033 ,0.008 ,-0.065 ,0.013 ,0.0440 ,0.0059 ,0.0235 ,0.0038 ,0.0127 ,0.0018 ,0.0400 ,0.0036 ,0.0000 
0.500 ,0.500 ,1.500 ,1.141 ,0.075 ,-0.009 ,0.008 ,-0.005 ,0.013 ,0.0215 ,0.0033 ,0.0196 ,0.0035 ,0.0123 ,0.0018 ,0.0267 ,0.0026 ,0.0000 
0.500 ,0.625 ,0.005 ,0.343 ,0.029 ,-0.008 ,0.006 ,-0.017 ,0.005 ,0.0177 ,0.0029 ,0.0241 ,0.0039 ,0.0004 ,0.0002 ,0.0211 ,0.0024 ,0.0000 
0.500 ,0.625 ,0.050 ,0.591 ,0.043 ,0.022 ,0.006 ,0.018 ,0.008 ,0.0285 ,0.0039 ,0.0273 ,0.0043 ,0.0063 ,0.0012 ,0.0311 ,0.0029 ,0.0000 
0.500 ,0.625 ,0.125 ,0.573 ,0.044 ,-0.075 ,0.007 ,-0.011 ,0.008 ,0.0463 ,0.0062 ,0.0331 ,0.0049 ,0.0127 ,0.0019 ,0.0460 ,0.0041 ,0.0000 
0.500 ,0.625 ,0.250 ,0.594 ,0.049 ,-0.106 ,0.009 ,-0.027 ,0.009 ,0.0570 ,0.0075 ,0.0367 ,0.0055 ,0.0157 ,0.0022 ,0.0547 ,0.0048 ,0.0000 
0.500 ,0.625 ,0.500 ,0.716 ,0.056 ,-0.114 ,0.010 ,-0.049 ,0.011 ,0.0565 ,0.0076 ,0.0398 ,0.0058 ,0.0185 ,0.0024 ,0.0574 ,0.0049 ,0.0000 
0.500 ,0.625 ,0.750 ,0.867 ,0.064 ,-0.094 ,0.009 ,-0.063 ,0.012 ,0.0526 ,0.0071 ,0.0369 ,0.0054 ,0.0163 ,0.0022 ,0.0529 ,0.0046 ,0.0000 
0.500 ,0.625 ,0.875 ,0.926 ,0.065 ,-0.080 ,0.009 ,-0.064 ,0.012 ,0.0522 ,0.0069 ,0.0347 ,0.0052 ,0.0145 ,0.0020 ,0.0507 ,0.0044 ,0.0000 
0.500 ,0.625 ,0.950 ,0.960 ,0.068 ,-0.070 ,0.008 ,-0.074 ,0.013 ,0.0493 ,0.0066 ,0.0308 ,0.0047 ,0.0135 ,0.0019 ,0.0468 ,0.0042 ,0.0000 
0.500 ,0.625 ,1.000 ,0.977 ,0.068 ,-0.066 ,0.009 ,-0.073 ,0.013 ,0.0469 ,0.0062 ,0.0295 ,0.0045 ,0.0139 ,0.0020 ,0.0452 ,0.0040 ,0.0000 
0.500 ,0.625 ,1.050 ,0.998 ,0.068 ,-0.050 ,0.008 ,-0.068 ,0.013 ,0.0476 ,0.0063 ,0.0290 ,0.0045 ,0.0138 ,0.0019 ,0.0453 ,0.0040 ,0.0000 
0.500 ,0.625 ,1.125 ,1.032 ,0.070 ,-0.047 ,0.008 ,-0.059 ,0.013 ,0.0483 ,0.0064 ,0.0290 ,0.0045 ,0.0127 ,0.0018 ,0.0450 ,0.0040 ,0.0000 
0.500 ,0.625 ,1.250 ,1.083 ,0.073 ,-0.020 ,0.007 ,-0.053 ,0.013 ,0.0415 ,0.0056 ,0.0228 ,0.0037 ,0.0112 ,0.0017 ,0.0378 ,0.0034 ,0.0000 
0.500 ,0.625 ,1.500 ,1.144 ,0.077 ,-0.004 ,0.008 ,-0.005 ,0.013 ,0.0239 ,0.0034 ,0.0180 ,0.0031 ,0.0118 ,0.0017 ,0.0269 ,0.0025 ,0.0000 
0.500 ,0.750 ,0.005 ,0.326 ,0.032 ,0.009 ,0.008 ,-0.012 ,0.005 ,0.0112 ,0.0017 ,0.0297 ,0.0046 ,0.0003 ,0.0002 ,0.0206 ,0.0025 ,0.0000 
0.500 ,0.750 ,0.050 ,0.549 ,0.042 ,0.074 ,0.009 ,0.003 ,0.007 ,0.0249 ,0.0034 ,0.0339 ,0.0051 ,0.0049 ,0.0010 ,0.0319 ,0.0031 ,0.0000 
0.500 ,0.750 ,0.125 ,0.641 ,0.043 ,-0.042 ,0.007 ,-0.006 ,0.008 ,0.0387 ,0.0052 ,0.0361 ,0.0054 ,0.0097 ,0.0015 ,0.0423 ,0.0038 ,0.0000 
0.500 ,0.750 ,0.250 ,0.697 ,0.048 ,-0.076 ,0.008 ,-0.021 ,0.009 ,0.0474 ,0.0063 ,0.0392 ,0.0057 ,0.0124 ,0.0018 ,0.0495 ,0.0044 ,0.0000 
0.500 ,0.750 ,0.500 ,0.797 ,0.055 ,-0.086 ,0.011 ,-0.033 ,0.010 ,0.0475 ,0.0066 ,0.0419 ,0.0060 ,0.0149 ,0.0020 ,0.0521 ,0.0046 ,0.0000 
0.500 ,0.750 ,0.750 ,0.889 ,0.059 ,-0.072 ,0.008 ,-0.036 ,0.011 ,0.0470 ,0.0071 ,0.0378 ,0.0056 ,0.0148 ,0.0020 ,0.0498 ,0.0046 ,0.0000 
0.500 ,0.750 ,0.875 ,0.941 ,0.062 ,-0.052 ,0.008 ,-0.043 ,0.011 ,0.0506 ,0.0069 ,0.0350 ,0.0052 ,0.0137 ,0.0019 ,0.0496 ,0.0044 ,0.0000 
0.500 ,0.750 ,0.950 ,0.978 ,0.064 ,-0.050 ,0.008 ,-0.051 ,0.012 ,0.0444 ,0.0059 ,0.0322 ,0.0049 ,0.0130 ,0.0019 ,0.0448 ,0.0039 ,0.0000 
0.500 ,0.750 ,1.000 ,1.005 ,0.065 ,-0.043 ,0.008 ,-0.047 ,0.012 ,0.0430 ,0.0058 ,0.0304 ,0.0047 ,0.0127 ,0.0018 ,0.0430 ,0.0038 ,0.0000 
0.500 ,0.750 ,1.050 ,1.020 ,0.066 ,-0.044 ,0.008 ,-0.047 ,0.012 ,0.0404 ,0.0054 ,0.0278 ,0.0046 ,0.0126 ,0.0018 ,0.0404 ,0.0037 ,0.0000 
0.500 ,0.750 ,1.125 ,1.044 ,0.066 ,-0.028 ,0.008 ,-0.039 ,0.012 ,0.0433 ,0.0059 ,0.0290 ,0.0045 ,0.0121 ,0.0018 ,0.0422 ,0.0038 ,0.0000 
0.500 ,0.750 ,1.250 ,1.092 ,0.070 ,-0.013 ,0.008 ,-0.042 ,0.012 ,0.0433 ,0.0058 ,0.0228 ,0.0037 ,0.0121 ,0.0018 ,0.0391 ,0.0036 ,0.0000 
0.500 ,0.750 ,1.500 ,1.148 ,0.072 ,-0.002 ,0.008 ,-0.010 ,0.012 ,0.0226 ,0.0032 ,0.0187 ,0.0032 ,0.0109 ,0.0017 ,0.0261 ,0.0024 ,0.0000 
0.500 ,1.000 ,0.005 ,0.318 ,0.031 ,-0.012 ,0.007 ,-0.006 ,0.005 ,0.0010 ,0.0004 ,0.0333 ,0.0050 ,0.0002 ,0.0002 ,0.0173 ,0.0025 ,0.0000 
0.500 ,1.000 ,0.050 ,0.547 ,0.041 ,0.081 ,0.010 ,0.013 ,0.007 ,0.0145 ,0.0020 ,0.0358 ,0.0053 ,0.0034 ,0.0008 ,0.0268 ,0.0029 ,0.0000 
0.500 ,1.000 ,0.125 ,0.680 ,0.044 ,0.011 ,0.007 ,0.002 ,0.008 ,0.0303 ,0.0042 ,0.0393 ,0.0057 ,0.0085 ,0.0014 ,0.0391 ,0.0036 ,0.0000 
0.500 ,1.000 ,0.250 ,0.760 ,0.049 ,-0.028 ,0.006 ,-0.009 ,0.009 ,0.0324 ,0.0045 ,0.0403 ,0.0058 ,0.0113 ,0.0017 ,0.0420 ,0.0038 ,0.0000 
0.500 ,1.000 ,0.500 ,0.853 ,0.054 ,-0.038 ,0.007 ,-0.017 ,0.010 ,0.0401 ,0.0054 ,0.0416 ,0.0060 ,0.0130 ,0.0019 ,0.0474 ,0.0041 ,0.0000 
0.500 ,1.000 ,0.750 ,0.945 ,0.061 ,-0.029 ,0.007 ,-0.030 ,0.011 ,0.0437 ,0.0058 ,0.0417 ,0.0060 ,0.0133 ,0.0019 ,0.0493 ,0.0043 ,0.0000 
0.500 ,1.000 ,0.875 ,0.981 ,0.061 ,-0.014 ,0.007 ,-0.029 ,0.011 ,0.0485 ,0.0066 ,0.0373 ,0.0054 ,0.0138 ,0.0019 ,0.0498 ,0.0044 ,0.0000 
0.500 ,1.000 ,0.950 ,1.009 ,0.065 ,-0.027 ,0.008 ,-0.036 ,0.011 ,0.0441 ,0.0060 ,0.0334 ,0.0050 ,0.0117 ,0.0018 ,0.0446 ,0.0040 ,0.0000 
0.500 ,1.000 ,1.000 ,1.025 ,0.064 ,-0.013 ,0.008 ,-0.036 ,0.012 ,0.0388 ,0.0053 ,0.0308 ,0.0047 ,0.0116 ,0.0017 ,0.0406 ,0.0036 ,0.0000 
0.500 ,1.000 ,1.050 ,1.040 ,0.067 ,-0.012 ,0.007 ,-0.020 ,0.012 ,0.0440 ,0.0059 ,0.0292 ,0.0047 ,0.0120 ,0.0018 ,0.0426 ,0.0039 ,0.0000 
0.500 ,1.000 ,1.125 ,1.062 ,0.068 ,-0.001 ,0.008 ,-0.019 ,0.012 ,0.0443 ,0.0065 ,0.0293 ,0.0045 ,0.0123 ,0.0018 ,0.0430 ,0.0041 ,0.0000 
0.500 ,1.000 ,1.250 ,1.099 ,0.069 ,0.004 ,0.007 ,-0.019 ,0.012 ,0.0395 ,0.0053 ,0.0222 ,0.0037 ,0.0115 ,0.0017 ,0.0366 ,0.0033 ,0.0000 
0.500 ,1.000 ,1.500 ,1.155 ,0.072 ,0.002 ,0.008 ,-0.009 ,0.013 ,0.0202 ,0.0030 ,0.0188 ,0.0033 ,0.0103 ,0.0016 ,0.0246 ,0.0023 ,0.0000 
