x(mm),y(mm),z(mm),x/H,y/H,z/H,<c>(ppm),<c>/Co,σC(ppm),σC/Co
-200,0,10,-1.000,0.000,0.050,-0.211,-0.005,5.564,0.123
-200,0,12.5,-1.000,0.000,0.065,0.055,0.001,4.953,0.110
-200,0,25,-1.000,0.000,0.125,-0.271,-0.006,5.554,0.123
-200,0,50,-1.000,0.000,0.250,0.066,0.001,4.963,0.110
-200,0,100,-1.000,0.000,0.500,0.106,0.002,4.976,0.110
-200,0,150,-1.000,0.000,0.750,0.216,0.005,5.539,0.123
-200,0,175,-1.000,0.000,0.875,0.053,0.001,5.258,0.116
-200,0,190,-1.000,0.000,0.950,0.101,0.002,5.479,0.121
-200,0,200,-1.000,0.000,1.000,-0.042,-0.001,5.552,0.123
-200,0,210,-1.000,0.000,1.050,0.137,0.003,5.698,0.126
-200,0,225,-1.000,0.000,1.125,-0.002,0.000,5.291,0.117
-200,0,250,-1.000,0.000,1.250,0.100,0.002,5.435,0.120
-200,0,300,-1.000,0.000,1.500,0.113,0.003,5.566,0.123
-150,0,10,-0.750,0.000,0.050,0.060,0.001,5.574,0.123
-150,0,12.5,-0.750,0.000,0.065,0.092,0.002,4.903,0.109
-150,0,25,-0.750,0.000,0.125,0.228,0.005,5.928,0.131
-150,0,50,-0.750,0.000,0.250,-0.018,0.000,4.949,0.110
-150,0,100,-0.750,0.000,0.500,0.027,0.001,4.978,0.110
-150,0,150,-0.750,0.000,0.750,0.207,0.005,5.770,0.128
-150,0,175,-0.750,0.000,0.875,0.111,0.002,6.074,0.134
-150,0,190,-0.750,0.000,0.950,0.148,0.003,5.818,0.129
-150,0,200,-0.750,0.000,1.000,0.080,0.002,5.528,0.122
-150,0,210,-0.750,0.000,1.050,0.239,0.005,5.552,0.123
-150,0,225,-0.750,0.000,1.125,-0.216,-0.005,5.431,0.120
-150,0,250,-0.750,0.000,1.250,0.036,0.001,5.899,0.131
-150,0,300,-0.750,0.000,1.500,0.065,0.001,6.082,0.135
-125,0,10,-0.625,0.000,0.050,0.204,0.005,5.293,0.117
-125,0,12.5,-0.625,0.000,0.065,0.288,0.006,5.112,0.113
-125,0,25,-0.625,0.000,0.125,0.213,0.005,5.328,0.118
-125,0,50,-0.625,0.000,0.250,0.213,0.005,5.148,0.114
-125,0,100,-0.625,0.000,0.500,0.189,0.004,5.107,0.113
-125,0,150,-0.625,0.000,0.750,0.169,0.004,5.772,0.128
-125,0,175,-0.625,0.000,0.875,-0.252,-0.006,5.916,0.131
-125,0,190,-0.625,0.000,0.950,-0.387,-0.009,5.807,0.129
-125,0,200,-0.625,0.000,1.000,-0.234,-0.005,5.762,0.128
-125,0,210,-0.625,0.000,1.050,-0.443,-0.010,5.840,0.129
-125,0,225,-0.625,0.000,1.125,-0.563,-0.012,5.783,0.128
-125,0,250,-0.625,0.000,1.250,-0.567,-0.013,5.799,0.128
-125,0,300,-0.625,0.000,1.500,-0.243,-0.005,5.615,0.124
-110,0,10,-0.550,0.000,0.050,0.214,0.005,5.435,0.120
-110,0,12.5,-0.550,0.000,0.065,0.244,0.005,5.104,0.113
-110,0,25,-0.550,0.000,0.125,0.124,0.003,5.440,0.120
-110,0,50,-0.550,0.000,0.250,0.248,0.005,5.036,0.111
-110,0,100,-0.550,0.000,0.500,0.223,0.005,5.172,0.114
-110,0,150,-0.550,0.000,0.750,0.254,0.006,5.643,0.125
-110,0,175,-0.550,0.000,0.875,0.167,0.004,5.413,0.120
-110,0,190,-0.550,0.000,0.950,0.230,0.005,5.587,0.124
-110,0,200,-0.550,0.000,1.000,0.280,0.006,5.393,0.119
-110,0,210,-0.550,0.000,1.050,0.158,0.003,5.380,0.119
-110,0,225,-0.550,0.000,1.125,0.215,0.005,5.995,0.133
-110,0,250,-0.550,0.000,1.250,0.210,0.005,5.751,0.127
-110,0,300,-0.550,0.000,1.500,0.281,0.006,5.716,0.127
-100,0,205,-0.500,0.000,1.025,-0.662,-0.015,5.609,0.124
-100,0,210,-0.500,0.000,1.050,-0.473,-0.010,5.574,0.123
-100,0,225,-0.500,0.000,1.125,-0.321,-0.007,5.823,0.129
-100,0,250,-0.500,0.000,1.250,0.245,0.005,5.825,0.129
-100,0,300,-0.500,0.000,1.500,0.276,0.006,5.649,0.125
-75,0,205,-0.375,0.000,1.025,6.540,0.145,11.420,0.253
-75,0,210,-0.375,0.000,1.050,4.987,0.110,10.152,0.225
-75,0,225,-0.375,0.000,1.125,-0.424,-0.009,5.766,0.128
-75,0,250,-0.375,0.000,1.250,-0.477,-0.011,5.570,0.123
-75,0,300,-0.375,0.000,1.500,-0.831,-0.018,5.390,0.119
-50,0,205,-0.250,0.000,1.025,5.077,0.112,8.816,0.195
-50,0,210,-0.250,0.000,1.050,4.306,0.095,9.909,0.219
-50,0,225,-0.250,0.000,1.125,0.731,0.016,6.584,0.146
-50,0,250,-0.250,0.000,1.250,-0.438,-0.010,5.566,0.123
-50,0,300,-0.250,0.000,1.500,-0.558,-0.012,5.347,0.118
-25,0,205,-0.125,0.000,1.025,4.121,0.091,8.419,0.186
-25,0,210,-0.125,0.000,1.050,3.423,0.076,7.105,0.157
-25,0,225,-0.125,0.000,1.125,1.625,0.036,6.138,0.136
-25,0,250,-0.125,0.000,1.250,0.046,0.001,5.499,0.122
-25,0,300,-0.125,0.000,1.500,-0.616,-0.014,5.338,0.118
0,0,205,0.000,0.000,1.025,6.031,0.133,18.174,0.402
0,0,210,0.000,0.000,1.050,4.531,0.100,10.481,0.232
0,0,225,0.000,0.000,1.125,1.606,0.036,6.648,0.147
0,0,250,0.000,0.000,1.250,0.316,0.007,5.462,0.121
0,0,300,0.000,0.000,1.500,-0.125,-0.003,5.493,0.122
10,0,10,0.050,0.000,0.050,2204.056,48.787,747.623,16.549
10,0,12.5,0.050,0.000,0.065,2104.234,46.577,740.636,16.394
10,0,25,0.050,0.000,0.125,1687.714,37.358,717.954,15.892
10,0,50,0.050,0.000,0.250,866.518,19.180,486.299,10.764
10,0,100,0.050,0.000,0.500,367.577,8.136,243.154,5.382
10,0,150,0.050,0.000,0.750,229.958,5.090,155.515,3.442
10,0,175,0.050,0.000,0.875,189.424,4.193,122.651,2.715
10,0,190,0.050,0.000,0.950,183.311,4.058,101.124,2.238
10,0,200,0.050,0.000,1.000,47.236,1.046,43.107,0.954
10,0,210,0.050,0.000,1.050,7.014,0.155,14.141,0.313
10,0,225,0.050,0.000,1.125,2.008,0.044,6.849,0.152
10,0,250,0.050,0.000,1.250,0.380,0.008,5.825,0.129
10,0,300,0.050,0.000,1.500,0.304,0.007,5.491,0.122
25,0,10,0.125,0.000,0.050,2409.152,53.327,915.735,20.270
25,0,12.5,0.125,0.000,0.065,2196.858,48.628,862.391,19.089
25,0,25,0.125,0.000,0.125,1429.868,31.650,834.470,18.471
25,0,50,0.125,0.000,0.250,625.385,13.843,430.814,9.536
25,0,100,0.125,0.000,0.500,244.761,5.418,159.098,3.522
25,0,150,0.125,0.000,0.750,183.336,4.058,107.536,2.380
25,0,175,0.125,0.000,0.875,149.017,3.298,89.499,1.981
25,0,190,0.125,0.000,0.950,133.410,2.953,83.409,1.846
25,0,200,0.125,0.000,1.000,46.134,1.021,31.285,0.692
25,0,210,0.125,0.000,1.050,13.675,0.303,22.556,0.499
25,0,225,0.125,0.000,1.125,2.849,0.063,8.394,0.186
25,0,250,0.125,0.000,1.250,0.314,0.007,5.571,0.123
25,0,300,0.125,0.000,1.500,-0.341,-0.008,5.417,0.120
50,0,10,0.250,0.000,0.050,3000.770,66.422,1135.906,25.143
50,0,12.5,0.250,0.000,0.065,2454.154,54.323,1157.052,25.611
50,0,25,0.250,0.000,0.125,962.059,21.295,773.928,17.131
50,0,50,0.250,0.000,0.250,378.551,8.379,281.619,6.234
50,0,100,0.250,0.000,0.500,177.176,3.922,100.012,2.214
50,0,150,0.250,0.000,0.750,104.557,2.314,56.943,1.260
50,0,175,0.250,0.000,0.875,99.457,2.201,48.918,1.083
50,0,190,0.250,0.000,0.950,82.113,1.818,57.375,1.270
50,0,200,0.250,0.000,1.000,45.210,1.001,44.019,0.974
50,0,210,0.250,0.000,1.050,14.350,0.318,18.298,0.405
50,0,225,0.250,0.000,1.125,4.999,0.111,15.173,0.336
50,0,250,0.250,0.000,1.250,0.530,0.012,5.773,0.128
50,0,300,0.250,0.000,1.500,-0.307,-0.007,5.488,0.121
75,0,10,0.375,0.000,0.050,657.161,14.546,538.114,11.911
75,0,12.5,0.375,0.000,0.065,574.640,12.720,443.142,9.809
75,0,25,0.375,0.000,0.125,450.365,9.969,319.072,7.063
75,0,50,0.375,0.000,0.250,312.148,6.909,210.123,4.651
75,0,100,0.375,0.000,0.500,140.438,3.109,74.790,1.655
75,0,150,0.375,0.000,0.750,85.836,1.900,45.829,1.014
75,0,175,0.375,0.000,0.875,70.063,1.551,41.019,0.908
75,0,190,0.375,0.000,0.950,55.772,1.235,42.784,0.947
75,0,200,0.375,0.000,1.000,28.651,0.634,24.876,0.551
75,0,210,0.375,0.000,1.050,14.811,0.328,19.726,0.437
75,0,225,0.375,0.000,1.125,6.044,0.134,13.872,0.307
75,0,250,0.375,0.000,1.250,0.778,0.017,6.602,0.146
75,0,300,0.375,0.000,1.500,0.700,0.016,5.777,0.128
100,0,10,0.500,0.000,0.050,482.520,10.681,389.744,8.627
100,0,12.5,0.500,0.000,0.065,433.656,9.599,327.026,7.239
100,0,25,0.500,0.000,0.125,404.143,8.946,292.719,6.479
100,0,50,0.500,0.000,0.250,254.444,5.632,159.560,3.532
100,0,100,0.500,0.000,0.500,122.298,2.707,72.169,1.597
100,0,150,0.500,0.000,0.750,70.560,1.562,38.173,0.845
100,0,175,0.500,0.000,0.875,59.630,1.320,36.918,0.817
100,0,190,0.500,0.000,0.950,37.969,0.840,26.564,0.588
100,0,200,0.500,0.000,1.000,25.833,0.572,20.709,0.458
100,0,210,0.500,0.000,1.050,16.242,0.360,18.677,0.413
100,0,225,0.500,0.000,1.125,6.292,0.139,11.802,0.261
100,0,250,0.500,0.000,1.250,2.307,0.051,9.060,0.201
100,0,300,0.500,0.000,1.500,0.645,0.014,5.695,0.126
150,0,10,0.750,0.000,0.050,307.497,6.806,227.319,5.032
150,0,12.5,0.750,0.000,0.065,343.043,7.593,274.954,6.086
150,0,25,0.750,0.000,0.125,293.695,6.501,212.971,4.714
150,0,50,0.750,0.000,0.250,187.007,4.139,132.621,2.936
150,0,100,0.750,0.000,0.500,95.180,2.107,58.973,1.305
150,0,150,0.750,0.000,0.750,52.423,1.160,32.009,0.709
150,0,175,0.750,0.000,0.875,38.631,0.855,25.211,0.558
150,0,190,0.750,0.000,0.950,27.190,0.602,23.024,0.510
150,0,200,0.750,0.000,1.000,20.370,0.451,18.461,0.409
150,0,210,0.750,0.000,1.050,11.053,0.245,12.868,0.285
150,0,225,0.750,0.000,1.125,6.799,0.150,12.104,0.268
150,0,250,0.750,0.000,1.250,1.618,0.036,6.867,0.152
150,0,300,0.750,0.000,1.500,0.296,0.007,5.500,0.122
200,0,10,1.000,0.000,0.050,220.580,4.883,156.509,3.464
200,0,12.5,1.000,0.000,0.065,197.732,4.377,140.181,3.103
200,0,25,1.000,0.000,0.125,214.677,4.752,154.372,3.417
200,0,50,1.000,0.000,0.250,143.328,3.173,86.639,1.918
200,0,100,1.000,0.000,0.500,67.892,1.503,44.220,0.979
200,0,150,1.000,0.000,0.750,38.211,0.846,24.336,0.539
200,0,175,1.000,0.000,0.875,29.637,0.656,21.534,0.477
200,0,190,1.000,0.000,0.950,18.759,0.415,16.683,0.369
200,0,200,1.000,0.000,1.000,15.048,0.333,15.029,0.333
200,0,210,1.000,0.000,1.050,10.845,0.240,13.092,0.290
200,0,225,1.000,0.000,1.125,7.267,0.161,12.277,0.272
200,0,250,1.000,0.000,1.250,1.892,0.042,7.314,0.162
200,0,300,1.000,0.000,1.500,0.406,0.009,5.784,0.128
250,0,10,1.250,0.000,0.050,166.615,3.688,109.900,2.433
250,0,12.5,1.250,0.000,0.065,168.783,3.736,120.444,2.666
250,0,25,1.250,0.000,0.125,163.351,3.616,118.460,2.622
250,0,50,1.250,0.000,0.250,112.231,2.484,77.117,1.707
250,0,100,1.250,0.000,0.500,57.538,1.274,35.580,0.788
250,0,150,1.250,0.000,0.750,30.114,0.667,19.809,0.438
250,0,175,1.250,0.000,0.875,21.060,0.466,16.932,0.375
250,0,190,1.250,0.000,0.950,16.981,0.376,17.167,0.380
250,0,200,1.250,0.000,1.000,13.069,0.289,13.529,0.299
250,0,210,1.250,0.000,1.050,9.995,0.221,11.723,0.259
250,0,225,1.250,0.000,1.125,5.478,0.121,9.362,0.207
250,0,250,1.250,0.000,1.250,2.349,0.052,7.733,0.171
250,0,300,1.250,0.000,1.500,0.108,0.002,5.723,0.127
300,0,10,1.500,0.000,0.050,142.808,3.161,89.929,1.991
300,0,12.5,1.500,0.000,0.065,126.358,2.797,77.143,1.708
300,0,25,1.500,0.000,0.125,120.667,2.671,78.827,1.745
300,0,50,1.500,0.000,0.250,91.046,2.015,63.184,1.399
300,0,100,1.500,0.000,0.500,43.523,0.963,26.268,0.581
300,0,150,1.500,0.000,0.750,25.789,0.571,18.882,0.418
300,0,175,1.500,0.000,0.875,18.449,0.408,15.071,0.334
300,0,190,1.500,0.000,0.950,12.934,0.286,13.108,0.290
300,0,200,1.500,0.000,1.000,10.648,0.236,11.818,0.262
300,0,210,1.500,0.000,1.050,8.786,0.194,11.188,0.248
300,0,225,1.500,0.000,1.125,5.077,0.112,9.047,0.200
300,0,250,1.500,0.000,1.250,1.953,0.043,7.175,0.159
300,0,300,1.500,0.000,1.500,0.258,0.006,5.538,0.123
380,0,10.0 ,1.900,0.000,0.050,99.082,2.193,56.918,1.260
380,0,13.0 ,1.900,0.000,0.065,100.719,2.229,61.585,1.363
380,0,25.0 ,1.900,0.000,0.125,94.824,2.099,55.899,1.237
380,0,50.0 ,1.900,0.000,0.250,75.487,1.671,49.265,1.090
380,0,100.0 ,1.900,0.000,0.500,41.240,0.913,28.462,0.630
380,0,150.0 ,1.900,0.000,0.750,20.844,0.461,15.951,0.353
380,0,175.0 ,1.900,0.000,0.875,14.690,0.325,13.276,0.294
380,0,190.0 ,1.900,0.000,0.950,11.139,0.247,11.559,0.256
380,0,200.0 ,1.900,0.000,1.000,9.321,0.206,10.534,0.233
380,0,210.0 ,1.900,0.000,1.050,7.462,0.165,9.945,0.220
380,0,225.0 ,1.900,0.000,1.125,6.121,0.135,10.009,0.222
380,0,250.0 ,1.900,0.000,1.250,2.667,0.059,7.336,0.162
380,0,300.0 ,1.900,0.000,1.500,0.273,0.006,5.665,0.125
-150,0,100,-0.750,0.000,0.500,0.027,0.001,4.978,0.110
-150,25,100,-0.750,0.125,0.500,0.044,0.001,5.046,0.112
-150,40,100,-0.750,0.200,0.500,-0.011,0.000,4.935,0.109
-150,50,100,-0.750,0.250,0.500,0.067,0.001,4.940,0.109
-150,60,100,-0.750,0.300,0.500,0.026,0.001,4.992,0.111
-150,75,100,-0.750,0.375,0.500,0.001,0.000,4.957,0.110
-150,100,100,-0.750,0.500,0.500,0.117,0.003,4.992,0.110
-150,125,100,-0.750,0.625,0.500,0.015,0.000,4.965,0.110
-150,150,100,-0.750,0.750,0.500,-0.082,-0.002,4.975,0.110
-150,200,100,-0.750,1.000,0.500,-0.010,0.000,5.059,0.112
-125,0,100,-0.625,0.000,0.500,0.189,0.004,5.107,0.113
-125,25,100,-0.625,0.125,0.500,0.242,0.005,5.195,0.115
-125,40,100,-0.625,0.200,0.500,0.071,0.002,5.021,0.111
-125,50,100,-0.625,0.250,0.500,0.150,0.003,5.003,0.111
-125,60,100,-0.625,0.300,0.500,-0.138,-0.003,5.023,0.111
-125,75,100,-0.625,0.375,0.500,-0.146,-0.003,5.194,0.115
-125,100,100,-0.625,0.500,0.500,-0.096,-0.002,4.973,0.110
-125,125,100,-0.625,0.625,0.500,-0.082,-0.002,4.978,0.110
-125,150,100,-0.625,0.750,0.500,-0.103,-0.002,5.024,0.111
-125,200,100,-0.625,1.000,0.500,-0.184,-0.004,4.988,0.110
-110,0,100,-0.550,0.000,0.500,0.223,0.005,5.172,0.114
-110,25,100,-0.550,0.125,0.500,0.336,0.007,5.056,0.112
-110,40,100,-0.550,0.200,0.500,0.192,0.004,5.068,0.112
-110,50,100,-0.550,0.250,0.500,0.163,0.004,5.064,0.112
-110,60,100,-0.550,0.300,0.500,0.283,0.006,5.082,0.113
-110,75,100,-0.550,0.375,0.500,0.012,0.000,5.108,0.113
-110,100,100,-0.550,0.500,0.500,0.168,0.004,5.076,0.112
-110,125,100,-0.550,0.625,0.500,0.060,0.001,5.095,0.113
-110,150,100,-0.550,0.750,0.500,-0.084,-0.002,5.131,0.114
-110,200,100,-0.550,1.000,0.500,0.045,0.001,5.114,0.113
-100,60,100,-0.500,0.300,0.500,0.015,0.000,5.138,0.114
-100,75,100,-0.500,0.375,0.500,-0.044,-0.001,5.074,0.112
-100,100,100,-0.500,0.500,0.500,-0.151,-0.003,5.125,0.113
-100,125,100,-0.500,0.625,0.500,0.028,0.001,5.105,0.113
-100,150,100,-0.500,0.750,0.500,0.076,0.002,5.104,0.113
-100,200,100,-0.500,1.000,0.500,0.047,0.001,5.179,0.115
-75,60,100,-0.375,0.300,0.500,88.395,1.957,114.221,2.528
-75,75,100,-0.375,0.375,0.500,19.862,0.440,38.621,0.855
-75,100,100,-0.375,0.500,0.500,0.215,0.005,6.203,0.137
-75,125,100,-0.375,0.625,0.500,0.015,0.000,5.221,0.116
-75,150,100,-0.375,0.750,0.500,-0.123,-0.003,5.148,0.114
-75,200,100,-0.375,1.000,0.500,-0.030,-0.001,5.093,0.113
-50,60,100,-0.250,0.300,0.500,73.741,1.632,93.173,2.062
-50,75,100,-0.250,0.375,0.500,43.097,0.954,64.016,1.417
-50,100,100,-0.250,0.500,0.500,7.786,0.172,26.812,0.593
-50,125,100,-0.250,0.625,0.500,0.128,0.003,5.549,0.123
-50,150,100,-0.250,0.750,0.500,-0.162,-0.004,5.319,0.118
-50,200,100,-0.250,1.000,0.500,-0.273,-0.006,5.206,0.115
-25,60,100,-0.125,0.300,0.500,77.907,1.724,100.880,2.233
-25,75,100,-0.125,0.375,0.500,55.294,1.224,71.163,1.575
-25,100,100,-0.125,0.500,0.500,15.762,0.349,38.815,0.859
-25,125,100,-0.125,0.625,0.500,1.787,0.040,11.663,0.258
-25,150,100,-0.125,0.750,0.500,-0.088,-0.002,5.557,0.123
-25,200,100,-0.125,1.000,0.500,-0.078,-0.002,5.162,0.114
0,60,100,0.000,0.300,0.500,134.142,2.969,152.668,3.379
0,75,100,0.000,0.375,0.500,84.935,1.880,104.953,2.323
0,100,100,0.000,0.500,0.500,29.729,0.658,56.350,1.247
0,125,100,0.000,0.625,0.500,3.639,0.081,15.021,0.332
0,150,100,0.000,0.750,0.500,0.092,0.002,6.016,0.133
0,200,100,0.000,1.000,0.500,-0.188,-0.004,5.187,0.115
10,0,100,0.050,0.000,0.500,367.577,8.136,243.154,5.382
10,25,100,0.050,0.125,0.500,385.090,8.524,247.020,5.468
10,40,100,0.050,0.200,0.500,437.152,9.676,283.367,6.272
10,50,100,0.050,0.250,0.500,282.297,6.249,210.836,4.667
10,60,100,0.050,0.300,0.500,149.016,3.298,151.213,3.347
10,75,100,0.050,0.375,0.500,85.035,1.882,104.909,2.322
10,100,100,0.050,0.500,0.500,28.410,0.629,56.606,1.253
10,125,100,0.050,0.625,0.500,6.797,0.150,25.030,0.554
10,150,100,0.050,0.750,0.500,1.001,0.022,14.453,0.320
10,200,100,0.050,1.000,0.500,-0.107,-0.002,5.048,0.112
25,0,100,0.125,0.000,0.500,244.761,5.418,159.098,3.522
25,25,100,0.125,0.125,0.500,287.002,6.353,190.831,4.224
25,40,100,0.125,0.200,0.500,317.448,7.027,209.192,4.630
25,50,100,0.125,0.250,0.500,226.781,5.020,162.977,3.608
25,60,100,0.125,0.300,0.500,128.609,2.847,139.355,3.085
25,75,100,0.125,0.375,0.500,87.950,1.947,113.577,2.514
25,100,100,0.125,0.500,0.500,31.116,0.689,52.051,1.152
25,125,100,0.125,0.625,0.500,8.875,0.196,25.537,0.565
25,150,100,0.125,0.750,0.500,1.893,0.042,12.521,0.277
25,200,100,0.125,1.000,0.500,-0.239,-0.005,5.079,0.112
50,0,100,0.250,0.000,0.500,177.176,3.922,100.012,2.214
50,25,100,0.250,0.125,0.500,195.234,4.322,118.844,2.631
50,40,100,0.250,0.200,0.500,211.946,4.691,142.889,3.163
50,50,100,0.250,0.250,0.500,163.722,3.624,127.234,2.816
50,60,100,0.250,0.300,0.500,111.747,2.474,105.360,2.332
50,75,100,0.250,0.375,0.500,68.160,1.509,76.804,1.700
50,100,100,0.250,0.500,0.500,29.988,0.664,47.020,1.041
50,125,100,0.250,0.625,0.500,12.639,0.280,32.038,0.709
50,150,100,0.250,0.750,0.500,2.023,0.045,11.131,0.246
50,200,100,0.250,1.000,0.500,-0.106,-0.002,7.264,0.161
75,0,100,0.375,0.000,0.500,140.438,3.109,74.790,1.655
75,25,100,0.375,0.125,0.500,159.769,3.536,96.087,2.127
75,40,100,0.375,0.200,0.500,148.126,3.279,109.047,2.414
75,50,100,0.375,0.250,0.500,130.377,2.886,103.954,2.301
75,60,100,0.375,0.300,0.500,90.001,1.992,79.650,1.763
75,75,100,0.375,0.375,0.500,68.416,1.514,76.918,1.703
75,100,100,0.375,0.500,0.500,28.744,0.636,44.154,0.977
75,125,100,0.375,0.625,0.500,12.072,0.267,28.672,0.635
75,150,100,0.375,0.750,0.500,4.320,0.096,16.497,0.365
75,200,100,0.375,1.000,0.500,-0.129,-0.003,5.227,0.116
100,0,100,0.500,0.000,0.500,122.298,2.707,72.169,1.597
100,25,100,0.500,0.125,0.500,132.125,2.925,78.692,1.742
100,40,100,0.500,0.200,0.500,118.252,2.618,97.270,2.153
100,50,100,0.500,0.250,0.500,94.088,2.083,72.987,1.616
100,60,100,0.500,0.300,0.500,78.592,1.740,79.951,1.770
100,75,100,0.500,0.375,0.500,50.681,1.122,56.522,1.251
100,100,100,0.500,0.500,0.500,25.297,0.560,35.622,0.789
100,125,100,0.500,0.625,0.500,12.737,0.282,29.942,0.663
100,150,100,0.500,0.750,0.500,5.402,0.120,17.839,0.395
100,200,100,0.500,1.000,0.500,0.130,0.003,5.900,0.131
150,0,100,0.750,0.000,0.500,95.180,2.107,58.973,1.305
150,25,100,0.750,0.125,0.500,81.979,1.815,58.840,1.302
150,40,100,0.750,0.200,0.500,83.373,1.845,61.821,1.368
150,50,100,0.750,0.250,0.500,63.464,1.405,51.019,1.129
150,60,100,0.750,0.300,0.500,58.757,1.301,50.935,1.127
150,75,100,0.750,0.375,0.500,42.306,0.936,41.379,0.916
150,100,100,0.750,0.500,0.500,24.860,0.550,34.558,0.765
150,125,100,0.750,0.625,0.500,12.684,0.281,25.021,0.554
150,150,100,0.750,0.750,0.500,5.742,0.127,17.537,0.388
150,200,100,0.750,1.000,0.500,0.756,0.017,7.942,0.176
200,0,100,1.000,0.000,0.500,67.892,1.503,44.220,0.979
200,25,100,1.000,0.125,0.500,64.589,1.430,37.962,0.840
200,40,100,1.000,0.200,0.500,60.099,1.330,43.484,0.963
200,50,100,1.000,0.250,0.500,50.863,1.126,39.267,0.869
200,60,100,1.000,0.300,0.500,49.471,1.095,45.485,1.007
200,75,100,1.000,0.375,0.500,35.874,0.794,36.788,0.814
200,100,100,1.000,0.500,0.500,25.953,0.574,35.602,0.788
200,125,100,1.000,0.625,0.500,16.833,0.373,25.326,0.561
200,150,100,1.000,0.750,0.500,9.060,0.201,20.999,0.465
200,200,100,1.000,1.000,0.500,1.275,0.028,9.123,0.202
250,0,100,1.250,0.000,0.500,57.538,1.274,35.580,0.788
250,25,100,1.250,0.125,0.500,52.553,1.163,36.773,0.814
250,40,100,1.250,0.200,0.500,50.393,1.115,37.115,0.822
250,50,100,1.250,0.250,0.500,47.565,1.053,36.238,0.802
250,60,100,1.250,0.300,0.500,42.014,0.930,36.496,0.808
250,75,100,1.250,0.375,0.500,34.962,0.774,33.942,0.751
250,100,100,1.250,0.500,0.500,23.784,0.526,29.129,0.645
250,125,100,1.250,0.625,0.500,15.934,0.353,25.438,0.563
250,150,100,1.250,0.750,0.500,9.001,0.199,20.398,0.452
250,200,100,1.250,1.000,0.500,1.445,0.032,9.218,0.204
300,0,100,1.500,0.000,0.500,43.523,0.963,26.268,0.581
300,25,100,1.500,0.125,0.500,46.901,1.038,32.428,0.718
300,40,100,1.500,0.200,0.500,42.320,0.937,30.702,0.680
300,50,100,1.500,0.250,0.500,41.848,0.926,31.962,0.707
300,60,100,1.500,0.300,0.500,37.283,0.825,30.903,0.684
300,75,100,1.500,0.375,0.500,30.856,0.683,29.006,0.642
300,100,100,1.500,0.500,0.500,22.440,0.497,25.937,0.574
300,125,100,1.500,0.625,0.500,13.922,0.308,21.621,0.479
300,150,100,1.500,0.750,0.500,8.445,0.187,18.476,0.409
300,200,100,1.500,1.000,0.500,2.201,0.049,11.289,0.250
380,0,100,1.900,0.000,0.500,41.240,0.913,28.462,0.630
380,25,100,1.900,0.125,0.500,37.625,0.833,26.185,0.580
380,40,100,1.900,0.200,0.500,33.980,0.752,24.990,0.553
380,50,100,1.900,0.250,0.500,36.810,0.815,27.491,0.609
380,60,100,1.900,0.300,0.500,32.328,0.716,25.750,0.570
380,75,100,1.900,0.375,0.500,27.803,0.615,25.760,0.570
380,100,100,1.900,0.500,0.500,22.177,0.491,23.325,0.516
380,125,100,1.900,0.625,0.500,15.666,0.347,23.275,0.515
380,150,100,1.900,0.750,0.500,9.871,0.218,16.829,0.373
380,200,100,1.900,1.000,0.500,3.893,0.086,12.377,0.274
-150,0,50,-0.750,0.000,0.250,-0.018,0.000,4.949,0.110
-150,25,50,-0.750,0.125,0.250,0.072,0.002,5.002,0.111
-150,40,50,-0.750,0.200,0.250,-0.025,-0.001,4.976,0.110
-150,50,50,-0.750,0.250,0.250,0.039,0.001,4.977,0.110
-150,60,50,-0.750,0.300,0.250,0.056,0.001,5.051,0.112
-150,75,50,-0.750,0.375,0.250,0.046,0.001,4.872,0.108
-150,100,50,-0.750,0.500,0.250,0.103,0.002,4.986,0.110
-150,125,50,-0.750,0.625,0.250,0.031,0.001,5.087,0.113
-150,150,50,-0.750,0.750,0.250,-0.067,-0.001,4.995,0.111
-150,200,50,-0.750,1.000,0.250,-0.126,-0.003,5.014,0.111
-125,0,50,-0.625,0.000,0.250,0.213,0.005,5.148,0.114
-125,25,50,-0.625,0.125,0.250,0.125,0.003,5.227,0.116
-125,40,50,-0.625,0.200,0.250,0.137,0.003,5.154,0.114
-125,50,50,-0.625,0.250,0.250,-0.151,-0.003,5.071,0.112
-125,60,50,-0.625,0.300,0.250,-0.086,-0.002,5.071,0.112
-125,75,50,-0.625,0.375,0.250,-0.096,-0.002,4.988,0.110
-125,100,50,-0.625,0.500,0.250,-0.061,-0.001,5.060,0.112
-125,125,50,-0.625,0.625,0.250,-0.063,-0.001,4.998,0.111
-125,150,50,-0.625,0.750,0.250,-0.139,-0.003,4.993,0.111
-125,200,50,-0.625,1.000,0.250,-0.104,-0.002,5.012,0.111
-110,0,50,-0.550,0.000,0.250,0.248,0.005,5.036,0.111
-110,25,50,-0.550,0.125,0.250,0.154,0.003,5.088,0.113
-110,40,50,-0.550,0.200,0.250,0.187,0.004,5.094,0.113
-110,50,50,-0.550,0.250,0.250,0.106,0.002,5.232,0.116
-110,60,50,-0.550,0.300,0.250,0.035,0.001,5.067,0.112
-110,75,50,-0.550,0.375,0.250,0.072,0.002,5.134,0.114
-110,100,50,-0.550,0.500,0.250,0.107,0.002,5.228,0.116
-110,125,50,-0.550,0.625,0.250,-0.042,-0.001,5.136,0.114
-110,150,50,-0.550,0.750,0.250,0.000,0.000,5.178,0.115
-110,200,50,-0.550,1.000,0.250,-0.025,-0.001,5.067,0.112
-100,60,50,-0.500,0.300,0.250,0.173,0.004,5.622,0.124
-100,75,50,-0.500,0.375,0.250,0.034,0.001,5.072,0.112
-100,100,50,-0.500,0.500,0.250,-0.254,-0.006,5.098,0.113
-100,125,50,-0.500,0.625,0.250,-0.111,-0.002,5.148,0.114
-100,150,50,-0.500,0.750,0.250,0.143,0.003,5.154,0.114
-100,200,50,-0.500,1.000,0.250,0.154,0.003,5.251,0.116
-75,60,50,-0.375,0.300,0.250,94.640,2.095,131.501,2.911
-75,75,50,-0.375,0.375,0.250,31.981,0.708,62.649,1.387
-75,100,50,-0.375,0.500,0.250,0.543,0.012,7.527,0.167
-75,125,50,-0.375,0.625,0.250,0.055,0.001,5.257,0.116
-75,150,50,-0.375,0.750,0.250,-0.075,-0.002,5.112,0.113
-75,200,50,-0.375,1.000,0.250,0.660,0.015,5.174,0.115
-50,60,50,-0.250,0.300,0.250,120.750,2.673,172.919,3.828
-50,75,50,-0.250,0.375,0.250,78.589,1.740,123.304,2.729
-50,100,50,-0.250,0.500,0.250,12.843,0.284,36.693,0.812
-50,125,50,-0.250,0.625,0.250,0.146,0.003,5.654,0.125
-50,150,50,-0.250,0.750,0.250,-0.050,-0.001,5.201,0.115
-50,200,50,-0.250,1.000,0.250,-0.165,-0.004,5.130,0.114
-25,60,50,-0.125,0.300,0.250,176.833,3.914,238.431,5.278
-25,75,50,-0.125,0.375,0.250,123.885,2.742,178.529,3.952
-25,100,50,-0.125,0.500,0.250,37.079,0.821,73.648,1.630
-25,125,50,-0.125,0.625,0.250,1.687,0.037,12.495,0.277
-25,150,50,-0.125,0.750,0.250,-0.070,-0.002,5.154,0.114
-25,200,50,-0.125,1.000,0.250,-0.074,-0.002,5.138,0.114
0,60,50,0.000,0.300,0.250,285.558,6.321,334.674,7.408
0,75,50,0.000,0.375,0.250,183.574,4.063,244.198,5.405
0,100,50,0.000,0.500,0.250,49.765,1.102,100.660,2.228
0,125,50,0.000,0.625,0.250,11.537,0.255,57.448,1.272
0,150,50,0.000,0.750,0.250,0.555,0.012,9.152,0.203
0,200,50,0.000,1.000,0.250,-0.215,-0.005,5.279,0.117
10,0,50,0.050,0.000,0.250,866.518,19.180,486.299,10.764
10,25,50,0.050,0.125,0.250,948.937,21.005,505.155,11.182
10,40,50,0.050,0.200,0.250,1009.217,22.339,553.542,12.253
10,50,50,0.050,0.250,0.250,697.247,15.434,467.705,10.353
10,60,50,0.050,0.300,0.250,319.032,7.062,336.185,7.441
10,75,50,0.050,0.375,0.250,198.857,4.402,259.119,5.736
10,100,50,0.050,0.500,0.250,64.575,1.429,123.225,2.728
10,125,50,0.050,0.625,0.250,16.191,0.358,49.593,1.098
10,150,50,0.050,0.750,0.250,1.494,0.033,15.792,0.350
10,200,50,0.050,1.000,0.250,-0.028,-0.001,5.166,0.114
25,0,50,0.125,0.000,0.250,625.385,13.843,430.814,9.536
25,25,50,0.125,0.125,0.250,656.513,14.532,433.421,9.594
25,40,50,0.125,0.200,0.250,790.142,17.490,469.073,10.383
25,50,50,0.125,0.250,0.250,547.222,12.113,377.300,8.352
25,60,50,0.125,0.300,0.250,284.390,6.295,295.027,6.530
25,75,50,0.125,0.375,0.250,178.152,3.943,255.161,5.648
25,100,50,0.125,0.500,0.250,60.167,1.332,129.883,2.875
25,125,50,0.125,0.625,0.250,22.365,0.495,70.733,1.566
25,150,50,0.125,0.750,0.250,4.293,0.095,22.842,0.506
25,200,50,0.125,1.000,0.250,0.032,0.001,5.514,0.122
50,0,50,0.250,0.000,0.250,378.551,8.379,281.619,6.234
50,25,50,0.250,0.125,0.250,459.233,10.165,319.024,7.062
50,40,50,0.250,0.200,0.250,483.087,10.693,300.304,6.647
50,50,50,0.250,0.250,0.250,347.913,7.701,278.868,6.173
50,60,50,0.250,0.300,0.250,249.312,5.519,241.486,5.345
50,75,50,0.250,0.375,0.250,150.669,3.335,186.935,4.138
50,100,50,0.250,0.500,0.250,67.718,1.499,115.526,2.557
50,125,50,0.250,0.625,0.250,27.201,0.602,64.627,1.431
50,150,50,0.250,0.750,0.250,6.979,0.154,27.976,0.619
50,200,50,0.250,1.000,0.250,0.283,0.006,7.490,0.166
75,0,50,0.375,0.000,0.250,312.148,6.909,210.123,4.651
75,25,50,0.375,0.125,0.250,331.485,7.337,232.383,5.144
75,40,50,0.375,0.200,0.250,350.293,7.754,251.944,5.577
75,50,50,0.375,0.250,0.250,296.093,6.554,241.695,5.350
75,60,50,0.375,0.300,0.250,188.025,4.162,183.557,4.063
75,75,50,0.375,0.375,0.250,135.646,3.003,157.631,3.489
75,100,50,0.375,0.500,0.250,53.688,1.188,89.381,1.978
75,125,50,0.375,0.625,0.250,27.773,0.615,60.546,1.340
75,150,50,0.375,0.750,0.250,11.777,0.261,42.573,0.942
75,200,50,0.375,1.000,0.250,0.400,0.009,10.177,0.225
100,0,50,0.500,0.000,0.250,254.444,5.632,159.560,3.532
100,25,50,0.500,0.125,0.250,286.305,6.337,203.865,4.513
100,40,50,0.500,0.200,0.250,253.484,5.611,185.839,4.114
100,50,50,0.500,0.250,0.250,222.649,4.928,172.587,3.820
100,60,50,0.500,0.300,0.250,173.546,3.841,163.318,3.615
100,75,50,0.500,0.375,0.250,120.067,2.658,137.114,3.035
100,100,50,0.500,0.500,0.250,59.022,1.306,90.973,2.014
100,125,50,0.500,0.625,0.250,29.058,0.643,59.318,1.313
100,150,50,0.500,0.750,0.250,13.734,0.304,40.617,0.899
100,200,50,0.500,1.000,0.250,1.579,0.035,10.573,0.234
150,0,50,0.750,0.000,0.250,187.007,4.139,132.621,2.936
150,25,50,0.750,0.125,0.250,200.762,4.444,139.493,3.088
150,40,50,0.750,0.200,0.250,180.134,3.987,139.300,3.083
150,50,50,0.750,0.250,0.250,144.155,3.191,107.202,2.373
150,60,50,0.750,0.300,0.250,133.040,2.945,116.269,2.574
150,75,50,0.750,0.375,0.250,98.675,2.184,102.929,2.278
150,100,50,0.750,0.500,0.250,59.360,1.314,77.245,1.710
150,125,50,0.750,0.625,0.250,34.998,0.775,60.975,1.350
150,150,50,0.750,0.750,0.250,18.742,0.415,44.920,0.994
150,200,50,0.750,1.000,0.250,2.636,0.058,13.934,0.308
200,0,50,1.000,0.000,0.250,143.328,3.173,86.639,1.918
200,25,50,1.000,0.125,0.250,151.937,3.363,106.429,2.356
200,40,50,1.000,0.200,0.250,132.771,2.939,101.462,2.246
200,50,50,1.000,0.250,0.250,119.686,2.649,87.935,1.946
200,60,50,1.000,0.300,0.250,109.974,2.434,93.921,2.079
200,75,50,1.000,0.375,0.250,83.204,1.842,80.992,1.793
200,100,50,1.000,0.500,0.250,57.290,1.268,66.893,1.481
200,125,50,1.000,0.625,0.250,34.810,0.771,53.933,1.194
200,150,50,1.000,0.750,0.250,20.188,0.447,40.566,0.898
200,200,50,1.000,1.000,0.250,4.152,0.092,20.359,0.451
250,0,50,1.250,0.000,0.250,112.231,2.484,77.117,1.707
250,25,50,1.250,0.125,0.250,109.833,2.431,73.710,1.632
250,40,50,1.250,0.200,0.250,101.169,2.239,75.614,1.674
250,50,50,1.250,0.250,0.250,95.009,2.103,77.294,1.711
250,60,50,1.250,0.300,0.250,85.368,1.890,71.253,1.577
250,75,50,1.250,0.375,0.250,73.638,1.630,64.225,1.422
250,100,50,1.250,0.500,0.250,55.555,1.230,61.650,1.365
250,125,50,1.250,0.625,0.250,32.689,0.724,44.514,0.985
250,150,50,1.250,0.750,0.250,22.209,0.492,35.137,0.778
250,200,50,1.250,1.000,0.250,8.507,0.188,24.345,0.539
300,0,50,1.500,0.000,0.250,91.046,2.015,63.184,1.399
300,25,50,1.500,0.125,0.250,90.893,2.012,62.008,1.373
300,40,50,1.500,0.200,0.250,85.117,1.884,60.372,1.336
300,50,50,1.500,0.250,0.250,81.993,1.815,61.963,1.372
300,60,50,1.500,0.300,0.250,84.039,1.860,66.293,1.467
300,75,50,1.500,0.375,0.250,66.940,1.482,56.176,1.243
300,100,50,1.500,0.500,0.250,52.939,1.172,53.156,1.177
300,125,50,1.500,0.625,0.250,36.642,0.811,47.057,1.042
300,150,50,1.500,0.750,0.250,23.438,0.519,35.507,0.786
300,200,50,1.500,1.000,0.250,9.033,0.200,23.626,0.523
380,0,50,1.900,0.000,0.500,75.487,1.671,49.265,1.090
380,25,50,1.900,0.125,0.500,72.121,1.596,44.964,0.995
380,40,50,1.900,0.200,0.500,65.265,1.445,42.202,0.934
380,50,50,1.900,0.250,0.500,64.462,1.427,45.647,1.010
380,60,50,1.900,0.300,0.500,60.674,1.343,43.756,0.969
380,75,50,1.900,0.375,0.500,56.107,1.242,45.854,1.015
380,100,50,1.900,0.500,0.500,46.401,1.027,43.663,0.966
380,125,50,1.900,0.625,0.500,35.922,0.795,44.902,0.994
380,150,50,1.900,0.750,0.500,26.137,0.579,32.757,0.725
380,200,50,1.900,1.000,0.500,9.899,0.219,19.310,0.427
-200,-200,12.5,-1.0000,-1.0000,0.0625,0.291,0.006,5.777,0.128
-200,-150,12.5,-1.0000,-0.7500,0.0625,0.157,0.003,5.373,0.119
-200,-125,12.5,-1.0000,-0.6250,0.0625,-0.043,-0.001,5.331,0.118
-200,-100,12.5,-1.0000,-0.5000,0.0625,-0.124,-0.003,5.460,0.121
-200,-75,12.5,-1.0000,-0.3750,0.0625,0.455,0.010,5.518,0.122
-200,-60,12.5,-1.0000,-0.3000,0.0625,0.180,0.004,5.330,0.118
-200,-50,12.5,-1.0000,-0.2500,0.0625,0.345,0.008,5.319,0.118
-200,-40,12.5,-1.0000,-0.2000,0.0625,0.144,0.003,5.664,0.125
-200,-25,12.5,-1.0000,-0.1250,0.0625,0.104,0.002,5.346,0.118
-200,0,12.5,-1.0000,0.0000,0.0625,0.055,0.001,4.953,0.110
-200,25,12.5,-1.0000,0.1250,0.0625,0.041,0.001,4.959,0.110
-200,40,12.5,-1.0000,0.2000,0.0625,0.138,0.003,4.943,0.109
-200,50,12.5,-1.0000,0.2500,0.0625,-0.088,-0.002,4.893,0.108
-200,60,12.5,-1.0000,0.3000,0.0625,-0.018,0.000,4.900,0.108
-200,75,12.5,-1.0000,0.3750,0.0625,-0.106,-0.002,4.991,0.110
-200,100,12.5,-1.0000,0.5000,0.0625,-0.035,-0.001,4.953,0.110
-200,125,12.5,-1.0000,0.6250,0.0625,0.210,0.005,4.958,0.110
-200,150,12.5,-1.0000,0.7500,0.0625,0.345,0.008,4.886,0.108
-200,200,12.5,-1.0000,1.0000,0.0625,0.073,0.002,4.827,0.107
-150,-200,12.5,-0.7500,-1.0000,0.0625,0.332,0.007,5.655,0.125
-150,-150,12.5,-0.7500,-0.7500,0.0625,0.210,0.005,5.686,0.126
-150,-125,12.5,-0.7500,-0.6250,0.0625,0.251,0.006,5.327,0.118
-150,-100,12.5,-0.7500,-0.5000,0.0625,0.252,0.006,5.448,0.121
-150,-75,12.5,-0.7500,-0.3750,0.0625,0.084,0.002,5.521,0.122
-150,-60,12.5,-0.7500,-0.3000,0.0625,0.159,0.004,5.461,0.121
-150,-50,12.5,-0.7500,-0.2500,0.0625,0.095,0.002,5.598,0.124
-150,-40,12.5,-0.7500,-0.2000,0.0625,0.116,0.003,5.501,0.122
-150,-25,12.5,-0.7500,-0.1250,0.0625,0.288,0.006,5.522,0.122
-150,0,12.5,-0.7500,0.0000,0.0625,0.092,0.002,4.903,0.109
-150,25,12.5,-0.7500,0.1250,0.0625,0.018,0.000,4.984,0.110
-150,40,12.5,-0.7500,0.2000,0.0625,0.031,0.001,5.030,0.111
-150,50,12.5,-0.7500,0.2500,0.0625,0.098,0.002,4.952,0.110
-150,60,12.5,-0.7500,0.3000,0.0625,0.048,0.001,5.028,0.111
-150,75,12.5,-0.7500,0.3750,0.0625,0.094,0.002,5.048,0.112
-150,100,12.5,-0.7500,0.5000,0.0625,0.121,0.003,5.023,0.111
-150,125,12.5,-0.7500,0.6250,0.0625,-0.094,-0.002,4.984,0.110
-150,150,12.5,-0.7500,0.7500,0.0625,-0.164,-0.004,4.988,0.110
-150,200,12.5,-0.7500,1.0000,0.0625,-0.145,-0.003,5.025,0.111
-125,-200,12.5,-0.6250,-1.0000,0.0625,0.280,0.006,5.529,0.122
-125,-150,12.5,-0.6250,-0.7500,0.0625,0.262,0.006,5.650,0.125
-125,-125,12.5,-0.6250,-0.6250,0.0625,0.126,0.003,5.710,0.126
-125,-100,12.5,-0.6250,-0.5000,0.0625,0.213,0.005,5.578,0.123
-125,-75,12.5,-0.6250,-0.3750,0.0625,0.213,0.005,5.400,0.120
-125,-60,12.5,-0.6250,-0.3000,0.0625,0.077,0.002,5.467,0.121
-125,-50,12.5,-0.6250,-0.2500,0.0625,0.060,0.001,5.374,0.119
-125,-40,12.5,-0.6250,-0.2000,0.0625,0.047,0.001,5.521,0.122
-125,-25,12.5,-0.6250,-0.1250,0.0625,0.213,0.005,5.590,0.124
-125,0,12.5,-0.6250,0.0000,0.0625,0.288,0.006,5.112,0.113
-125,25,12.5,-0.6250,0.1250,0.0625,0.140,0.003,5.119,0.113
-125,40,12.5,-0.6250,0.2000,0.0625,0.165,0.004,5.091,0.113
-125,50,12.5,-0.6250,0.2500,0.0625,-0.067,-0.001,5.192,0.115
-125,60,12.5,-0.6250,0.3000,0.0625,-0.094,-0.002,5.038,0.112
-125,75,12.5,-0.6250,0.3750,0.0625,-0.052,-0.001,5.097,0.113
-125,100,12.5,-0.6250,0.5000,0.0625,-0.008,0.000,5.057,0.112
-125,125,12.5,-0.6250,0.6250,0.0625,0.016,0.000,5.020,0.111
-125,150,12.5,-0.6250,0.7500,0.0625,-0.086,-0.002,4.950,0.110
-125,200,12.5,-0.6250,1.0000,0.0625,-0.022,0.000,5.025,0.111
-110,-200,12.5,-0.5500,-1.0000,0.0625,0.179,0.004,5.621,0.124
-110,-150,12.5,-0.5500,-0.7500,0.0625,0.123,0.003,5.777,0.128
-110,-125,12.5,-0.5500,-0.6250,0.0625,0.159,0.004,5.340,0.118
-110,-100,12.5,-0.5500,-0.5000,0.0625,0.164,0.004,5.310,0.118
-110,-75,12.5,-0.5500,-0.3750,0.0625,0.262,0.006,5.431,0.120
-110,-60,12.5,-0.5500,-0.3000,0.0625,0.273,0.006,5.296,0.117
-110,-50,12.5,-0.5500,-0.2500,0.0625,0.041,0.001,5.355,0.119
-110,-40,12.5,-0.5500,-0.2000,0.0625,0.038,0.001,5.345,0.118
-110,-25,12.5,-0.5500,-0.1250,0.0625,0.136,0.003,5.439,0.120
-110,0,12.5,-0.5500,0.0000,0.0625,0.244,0.005,5.104,0.113
-110,25,12.5,-0.5500,0.1250,0.0625,0.261,0.006,5.142,0.114
-110,40,12.5,-0.5500,0.2000,0.0625,0.068,0.002,5.055,0.112
-110,50,12.5,-0.5500,0.2500,0.0625,0.148,0.003,5.079,0.112
-110,60,12.5,-0.5500,0.3000,0.0625,0.298,0.007,5.114,0.113
-110,75,12.5,-0.5500,0.3750,0.0625,0.059,0.001,5.112,0.113
-110,100,12.5,-0.5500,0.5000,0.0625,-0.069,-0.002,5.044,0.112
-110,125,12.5,-0.5500,0.6250,0.0625,-0.014,0.000,5.294,0.117
-110,150,12.5,-0.5500,0.7500,0.0625,-0.041,-0.001,5.248,0.116
-110,200,12.5,-0.5500,1.0000,0.0625,0.083,0.002,5.141,0.114
-100,-200,12.5,-0.5000,-1.0000,0.0625,-0.003,0.000,5.585,0.124
-100,-150,12.5,-0.5000,-0.7500,0.0625,0.142,0.003,5.400,0.120
-100,-125,12.5,-0.5000,-0.6250,0.0625,0.228,0.005,5.368,0.119
-100,-100,12.5,-0.5000,-0.5000,0.0625,0.101,0.002,5.408,0.120
-100,-75,12.5,-0.5000,-0.3750,0.0625,0.166,0.004,5.524,0.122
-100,-60,12.5,-0.5000,-0.3000,0.0625,0.213,0.005,5.960,0.132
-100,60,12.5,-0.5000,0.3000,0.0625,0.248,0.005,5.325,0.118
-100,75,12.5,-0.5000,0.3750,0.0625,0.046,0.001,5.165,0.114
-100,100,12.5,-0.5000,0.5000,0.0625,-0.044,-0.001,5.155,0.114
-100,125,12.5,-0.5000,0.6250,0.0625,0.213,0.005,5.122,0.113
-100,150,12.5,-0.5000,0.7500,0.0625,0.076,0.002,5.120,0.113
-100,200,12.5,-0.5000,1.0000,0.0625,0.007,0.000,5.231,0.116
-75,-200,12.5,-0.3750,-1.0000,0.0625,-0.007,0.000,5.499,0.122
-75,-150,12.5,-0.3750,-0.7500,0.0625,0.014,0.000,5.461,0.121
-75,-125,12.5,-0.3750,-0.6250,0.0625,0.028,0.001,5.813,0.129
-75,-100,12.5,-0.3750,-0.5000,0.0625,1.178,0.026,9.755,0.216
-75,-75,12.5,-0.3750,-0.3750,0.0625,50.365,1.115,80.308,1.778
-75,-60,12.5,-0.3750,-0.3000,0.0625,134.323,2.973,157.488,3.486
-75,60,12.5,-0.3750,0.3000,0.0625,52.390,1.160,88.737,1.964
-75,75,12.5,-0.3750,0.3750,0.0625,21.847,0.484,41.271,0.914
-75,100,12.5,-0.3750,0.5000,0.0625,0.165,0.004,5.279,0.117
-75,125,12.5,-0.3750,0.6250,0.0625,-0.018,0.000,5.157,0.114
-75,150,12.5,-0.3750,0.7500,0.0625,0.042,0.001,5.219,0.116
-75,200,12.5,-0.3750,1.0000,0.0625,-0.010,0.000,5.123,0.113
-50,-200,12.5,-0.2500,-1.0000,0.0625,-0.047,-0.001,5.358,0.119
-50,-150,12.5,-0.2500,-0.7500,0.0625,0.060,0.001,5.829,0.129
-50,-125,12.5,-0.2500,-0.6250,0.0625,1.630,0.036,14.390,0.319
-50,-100,12.5,-0.2500,-0.5000,0.0625,16.641,0.368,52.707,1.167
-50,-75,12.5,-0.2500,-0.3750,0.0625,99.804,2.209,136.834,3.029
-50,-60,12.5,-0.2500,-0.3000,0.0625,162.763,3.603,212.464,4.703
-50,60,12.5,-0.2500,0.3000,0.0625,83.677,1.852,155.575,3.444
-50,75,12.5,-0.2500,0.3750,0.0625,59.763,1.323,102.835,2.276
-50,100,12.5,-0.2500,0.5000,0.0625,7.826,0.173,38.212,0.846
-50,125,12.5,-0.2500,0.6250,0.0625,0.222,0.005,5.674,0.126
-50,150,12.5,-0.2500,0.7500,0.0625,0.111,0.002,6.395,0.142
-50,200,12.5,-0.2500,1.0000,0.0625,0.106,0.002,5.217,0.115
-25,-200,12.5,-0.1250,-1.0000,0.0625,-0.010,0.000,5.662,0.125
-25,-150,12.5,-0.1250,-0.7500,0.0625,1.713,0.038,11.883,0.263
-25,-125,12.5,-0.1250,-0.6250,0.0625,6.924,0.153,25.841,0.572
-25,-100,12.5,-0.1250,-0.5000,0.0625,44.619,0.988,100.139,2.217
-25,-75,12.5,-0.1250,-0.3750,0.0625,122.497,2.711,185.434,4.105
-25,-60,12.5,-0.1250,-0.3000,0.0625,204.622,4.529,287.642,6.367
-25,60,12.5,-0.1250,0.3000,0.0625,86.095,1.906,160.648,3.556
-25,75,12.5,-0.1250,0.3750,0.0625,58.284,1.290,109.708,2.428
-25,100,12.5,-0.1250,0.5000,0.0625,26.021,0.576,68.672,1.520
-25,125,12.5,-0.1250,0.6250,0.0625,3.506,0.078,20.007,0.443
-25,150,12.5,-0.1250,0.7500,0.0625,0.162,0.004,6.137,0.136
-25,200,12.5,-0.1250,1.0000,0.0625,-0.031,-0.001,5.391,0.119
0,-200,12.5,0.0000,-1.0000,0.0625,0.336,0.007,5.676,0.126
0,-150,12.5,0.0000,-0.7500,0.0625,5.138,0.114,20.972,0.464
0,-125,12.5,0.0000,-0.6250,0.0625,17.501,0.387,53.476,1.184
0,-100,12.5,0.0000,-0.5000,0.0625,63.803,1.412,117.839,2.608
0,-75,12.5,0.0000,-0.3750,0.0625,214.772,4.754,309.595,6.853
0,-60,12.5,0.0000,-0.3000,0.0625,409.132,9.056,481.284,10.653
0,60,12.5,0.0000,0.3000,0.0625,217.473,4.814,374.723,8.294
0,75,12.5,0.0000,0.3750,0.0625,146.589,3.245,256.449,5.677
0,100,12.5,0.0000,0.5000,0.0625,30.337,0.672,70.370,1.558
0,125,12.5,0.0000,0.6250,0.0625,8.467,0.187,28.442,0.630
0,150,12.5,0.0000,0.7500,0.0625,1.401,0.031,13.130,0.291
0,200,12.5,0.0000,1.0000,0.0625,-0.061,-0.001,5.371,0.119
10,-200,12.5,0.0500,-1.0000,0.0625,0.909,0.020,9.677,0.214
10,-150,12.5,0.0500,-0.7500,0.0625,6.434,0.142,23.823,0.527
10,-125,12.5,0.0500,-0.6250,0.0625,27.528,0.609,70.638,1.564
10,-100,12.5,0.0500,-0.5000,0.0625,82.093,1.817,146.521,3.243
10,-75,12.5,0.0500,-0.3750,0.0625,237.760,5.263,332.361,7.357
10,-60,12.5,0.0500,-0.3000,0.0625,503.949,11.155,535.933,11.863
10,-50,12.5,0.0500,-0.2500,0.0625,1423.446,31.508,656.836,14.539
10,-40,12.5,0.0500,-0.2000,0.0625,1852.962,41.015,703.449,15.571
10,-25,12.5,0.0500,-0.1250,0.0625,2007.229,44.430,775.042,17.156
10,0,12.5,0.0500,0.0000,0.0625,2104.234,46.577,740.636,16.394
10,25,12.5,0.0500,0.1250,0.0625,1967.606,43.553,708.051,15.673
10,40,12.5,0.0500,0.2000,0.0625,1849.891,40.947,657.469,14.553
10,50,12.5,0.0500,0.2500,0.0625,1034.499,22.899,606.143,13.417
10,60,12.5,0.0500,0.3000,0.0625,301.002,6.663,419.201,9.279
10,75,12.5,0.0500,0.3750,0.0625,148.985,3.298,264.625,5.857
10,100,12.5,0.0500,0.5000,0.0625,48.872,1.082,118.865,2.631
10,125,12.5,0.0500,0.6250,0.0625,20.649,0.457,75.522,1.672
10,150,12.5,0.0500,0.7500,0.0625,3.446,0.076,20.708,0.458
10,200,12.5,0.0500,1.0000,0.0625,0.055,0.001,5.228,0.116
25,-200,12.5,0.1250,-1.0000,0.0625,0.493,0.011,7.370,0.163
25,-150,12.5,0.1250,-0.7500,0.0625,8.619,0.191,37.011,0.819
25,-125,12.5,0.1250,-0.6250,0.0625,38.401,0.850,82.822,1.833
25,-100,12.5,0.1250,-0.5000,0.0625,108.115,2.393,166.882,3.694
25,-75,12.5,0.1250,-0.3750,0.0625,268.885,5.952,353.397,7.822
25,-60,12.5,0.1250,-0.3000,0.0625,502.061,11.113,497.996,11.023
25,-50,12.5,0.1250,-0.2500,0.0625,1134.150,25.104,673.983,14.919
25,-40,12.5,0.1250,-0.2000,0.0625,1416.894,31.363,734.699,16.263
25,-25,12.5,0.1250,-0.1250,0.0625,1770.511,39.190,805.735,17.835
25,0,12.5,0.1250,0.0000,0.0625,2196.858,48.628,862.391,19.089
25,25,12.5,0.1250,0.1250,0.0625,1903.958,42.144,796.465,17.630
25,40,12.5,0.1250,0.2000,0.0625,1579.669,34.966,729.331,16.144
25,50,12.5,0.1250,0.2500,0.0625,1000.203,22.140,602.368,13.333
25,60,12.5,0.1250,0.3000,0.0625,365.793,8.097,439.626,9.731
25,75,12.5,0.1250,0.3750,0.0625,166.025,3.675,287.363,6.361
25,100,12.5,0.1250,0.5000,0.0625,59.287,1.312,127.512,2.822
25,125,12.5,0.1250,0.6250,0.0625,20.631,0.457,56.310,1.246
25,150,12.5,0.1250,0.7500,0.0625,4.125,0.091,19.661,0.435
25,200,12.5,0.1250,1.0000,0.0625,0.272,0.006,6.912,0.153
50,-200,12.5,0.2500,-1.0000,0.0625,1.986,0.044,12.179,0.270
50,-150,12.5,0.2500,-0.7500,0.0625,20.309,0.450,50.117,1.109
50,-125,12.5,0.2500,-0.6250,0.0625,45.632,1.010,99.784,2.209
50,-100,12.5,0.2500,-0.5000,0.0625,96.245,2.130,148.166,3.280
50,-75,12.5,0.2500,-0.3750,0.0625,258.359,5.719,293.719,6.501
50,-60,12.5,0.2500,-0.3000,0.0625,487.130,10.783,439.360,9.725
50,-50,12.5,0.2500,-0.2500,0.0625,812.012,17.974,544.293,12.048
50,-40,12.5,0.2500,-0.2000,0.0625,1061.616,23.499,697.621,15.442
50,-25,12.5,0.2500,-0.1250,0.0625,1219.874,27.002,785.865,17.395
50,0,12.5,0.2500,0.0000,0.0625,2454.154,54.323,1157.052,25.611
50,25,12.5,0.2500,0.1250,0.0625,1142.945,25.299,770.399,17.053
50,40,12.5,0.2500,0.2000,0.0625,1021.434,22.609,646.614,14.313
50,50,12.5,0.2500,0.2500,0.0625,735.626,16.283,526.827,11.661
50,60,12.5,0.2500,0.3000,0.0625,402.816,8.916,426.107,9.432
50,75,12.5,0.2500,0.3750,0.0625,181.086,4.008,265.994,5.888
50,100,12.5,0.2500,0.5000,0.0625,61.143,1.353,114.609,2.537
50,125,12.5,0.2500,0.6250,0.0625,30.699,0.680,88.662,1.963
50,150,12.5,0.2500,0.7500,0.0625,10.867,0.241,39.294,0.870
50,200,12.5,0.2500,1.0000,0.0625,1.559,0.035,10.554,0.234
75,-200,12.5,0.3750,-1.0000,0.0625,2.846,0.063,14.190,0.314
75,-150,12.5,0.3750,-0.7500,0.0625,29.000,0.642,65.686,1.454
75,-125,12.5,0.3750,-0.6250,0.0625,65.461,1.449,101.548,2.248
75,-100,12.5,0.3750,-0.5000,0.0625,109.231,2.418,161.778,3.581
75,-75,12.5,0.3750,-0.3750,0.0625,224.373,4.967,248.264,5.495
75,-60,12.5,0.3750,-0.3000,0.0625,393.879,8.719,375.749,8.317
75,-50,12.5,0.3750,-0.2500,0.0625,541.324,11.982,466.318,10.322
75,-40,12.5,0.3750,-0.2000,0.0625,628.746,13.917,530.270,11.738
75,-25,12.5,0.3750,-0.1250,0.0625,655.416,14.508,531.074,11.755
75,0,12.5,0.3750,0.0000,0.0625,574.640,12.720,443.142,9.809
75,25,12.5,0.3750,0.1250,0.0625,688.947,15.250,534.060,11.821
75,40,12.5,0.3750,0.2000,0.0625,686.580,15.197,517.035,11.445
75,50,12.5,0.3750,0.2500,0.0625,587.368,13.001,460.987,10.204
75,60,12.5,0.3750,0.3000,0.0625,385.318,8.529,355.012,7.858
75,75,12.5,0.3750,0.3750,0.0625,212.803,4.710,276.754,6.126
75,100,12.5,0.3750,0.5000,0.0625,94.871,2.100,164.054,3.631
75,125,12.5,0.3750,0.6250,0.0625,38.259,0.847,89.170,1.974
75,150,12.5,0.3750,0.7500,0.0625,21.234,0.470,64.257,1.422
75,200,12.5,0.3750,1.0000,0.0625,1.876,0.042,12.834,0.284
100,-200,12.5,0.5000,-1.0000,0.0625,8.020,0.178,28.646,0.634
100,-150,12.5,0.5000,-0.7500,0.0625,33.781,0.748,66.179,1.465
100,-125,12.5,0.5000,-0.6250,0.0625,70.324,1.557,117.149,2.593
100,-100,12.5,0.5000,-0.5000,0.0625,113.385,2.510,153.878,3.406
100,-75,12.5,0.5000,-0.3750,0.0625,195.717,4.332,192.189,4.254
100,-60,12.5,0.5000,-0.3000,0.0625,317.346,7.024,283.786,6.282
100,-50,12.5,0.5000,-0.2500,0.0625,394.565,8.734,341.093,7.550
100,-40,12.5,0.5000,-0.2000,0.0625,452.679,10.020,357.733,7.918
100,-25,12.5,0.5000,-0.1250,0.0625,489.189,10.828,425.641,9.422
100,0,12.5,0.5000,0.0000,0.0625,433.656,9.599,327.026,7.239
100,25,12.5,0.5000,0.1250,0.0625,547.102,12.110,421.885,9.338
100,40,12.5,0.5000,0.2000,0.0625,487.879,10.799,385.217,8.527
100,50,12.5,0.5000,0.2500,0.0625,443.100,9.808,374.846,8.297
100,60,12.5,0.5000,0.3000,0.0625,325.518,7.205,307.176,6.799
100,75,12.5,0.5000,0.3750,0.0625,192.190,4.254,218.497,4.836
100,100,12.5,0.5000,0.5000,0.0625,88.149,1.951,123.744,2.739
100,125,12.5,0.5000,0.6250,0.0625,51.752,1.146,109.262,2.419
100,150,12.5,0.5000,0.7500,0.0625,29.086,0.644,71.252,1.577
100,200,12.5,0.5000,1.0000,0.0625,3.030,0.067,17.346,0.384
150,-200,12.5,0.7500,-1.0000,0.0625,12.470,0.276,30.869,0.683
150,-150,12.5,0.7500,-0.7500,0.0625,36.282,0.803,59.697,1.321
150,-125,12.5,0.7500,-0.6250,0.0625,73.471,1.626,101.361,2.244
150,-100,12.5,0.7500,-0.5000,0.0625,110.583,2.448,127.718,2.827
150,-75,12.5,0.7500,-0.3750,0.0625,187.057,4.141,172.817,3.825
150,-60,12.5,0.7500,-0.3000,0.0625,226.027,5.003,194.196,4.299
150,-50,12.5,0.7500,-0.2500,0.0625,251.544,5.568,219.354,4.855
150,-40,12.5,0.7500,-0.2000,0.0625,266.484,5.899,223.510,4.947
150,-25,12.5,0.7500,-0.1250,0.0625,315.674,6.987,264.733,5.860
150,0,12.5,0.7500,0.0000,0.0625,343.043,7.593,274.954,6.086
150,25,12.5,0.7500,0.1250,0.0625,305.671,6.766,238.210,5.273
150,40,12.5,0.7500,0.2000,0.0625,275.991,6.109,211.788,4.688
150,50,12.5,0.7500,0.2500,0.0625,256.504,5.678,204.595,4.529
150,60,12.5,0.7500,0.3000,0.0625,238.232,5.273,200.153,4.430
150,75,12.5,0.7500,0.3750,0.0625,176.120,3.898,182.684,4.044
150,100,12.5,0.7500,0.5000,0.0625,106.681,2.361,137.896,3.052
150,125,12.5,0.7500,0.6250,0.0625,57.369,1.270,94.974,2.102
150,150,12.5,0.7500,0.7500,0.0625,36.646,0.811,79.062,1.750
150,200,12.5,0.7500,1.0000,0.0625,9.209,0.204,31.143,0.689
200,-200,12.5,1.0000,-1.0000,0.0625,16.953,0.375,37.183,0.823
200,-150,12.5,1.0000,-0.7500,0.0625,48.920,1.083,67.019,1.483
200,-125,12.5,1.0000,-0.6250,0.0625,78.408,1.736,91.842,2.033
200,-100,12.5,1.0000,-0.5000,0.0625,119.704,2.650,109.407,2.422
200,-75,12.5,1.0000,-0.3750,0.0625,154.001,3.409,124.319,2.752
200,-60,12.5,1.0000,-0.3000,0.0625,179.608,3.976,141.634,3.135
200,-50,12.5,1.0000,-0.2500,0.0625,197.359,4.369,156.576,3.466
200,-40,12.5,1.0000,-0.2000,0.0625,203.349,4.501,162.666,3.601
200,-25,12.5,1.0000,-0.1250,0.0625,213.158,4.718,158.335,3.505
200,0,12.5,1.0000,0.0000,0.0625,197.732,4.377,140.181,3.103
200,25,12.5,1.0000,0.1250,0.0625,214.572,4.750,162.977,3.607
200,40,12.5,1.0000,0.2000,0.0625,218.565,4.838,162.032,3.587
200,50,12.5,1.0000,0.2500,0.0625,212.184,4.697,160.619,3.555
200,60,12.5,1.0000,0.3000,0.0625,169.110,3.743,142.830,3.162
200,75,12.5,1.0000,0.3750,0.0625,157.924,3.496,135.593,3.001
200,100,12.5,1.0000,0.5000,0.0625,95.248,2.108,100.689,2.229
200,125,12.5,1.0000,0.6250,0.0625,56.693,1.255,73.921,1.636
200,150,12.5,1.0000,0.7500,0.0625,33.241,0.736,63.534,1.406
200,200,12.5,1.0000,1.0000,0.0625,12.947,0.287,34.283,0.759
250,-200,12.5,1.2500,-1.0000,0.0625,22.743,0.503,41.594,0.921
250,-150,12.5,1.2500,-0.7500,0.0625,56.221,1.244,64.633,1.431
250,-125,12.5,1.2500,-0.6250,0.0625,73.012,1.616,70.281,1.556
250,-100,12.5,1.2500,-0.5000,0.0625,106.947,2.367,88.634,1.962
250,-75,12.5,1.2500,-0.3750,0.0625,129.292,2.862,108.714,2.406
250,-60,12.5,1.2500,-0.3000,0.0625,145.418,3.219,109.570,2.425
250,-50,12.5,1.2500,-0.2500,0.0625,145.156,3.213,106.679,2.361
250,-40,12.5,1.2500,-0.2000,0.0625,165.100,3.654,119.939,2.655
250,-25,12.5,1.2500,-0.1250,0.0625,167.686,3.712,118.782,2.629
250,0,12.5,1.2500,0.0000,0.0625,168.783,3.736,120.444,2.666
250,25,12.5,1.2500,0.1250,0.0625,161.612,3.577,110.936,2.456
250,40,12.5,1.2500,0.2000,0.0625,165.188,3.656,117.121,2.592
250,50,12.5,1.2500,0.2500,0.0625,152.739,3.381,110.948,2.456
250,60,12.5,1.2500,0.3000,0.0625,147.612,3.267,111.702,2.473
250,75,12.5,1.2500,0.3750,0.0625,136.013,3.011,112.116,2.482
250,100,12.5,1.2500,0.5000,0.0625,90.353,2.000,90.042,1.993
250,125,12.5,1.2500,0.6250,0.0625,64.919,1.437,79.442,1.758
250,150,12.5,1.2500,0.7500,0.0625,45.089,0.998,66.250,1.466
250,200,12.5,1.2500,1.0000,0.0625,15.874,0.351,38.636,0.855
300,-200,12.5,1.5000,-1.0000,0.0625,25.885,0.573,41.177,0.911
300,-150,12.5,1.5000,-0.7500,0.0625,50.409,1.116,53.244,1.179
300,-125,12.5,1.5000,-0.6250,0.0625,77.062,1.706,67.755,1.500
300,-100,12.5,1.5000,-0.5000,0.0625,93.362,2.067,70.326,1.557
300,-75,12.5,1.5000,-0.3750,0.0625,109.943,2.434,78.659,1.741
300,-60,12.5,1.5000,-0.3000,0.0625,122.592,2.714,82.150,1.818
300,-50,12.5,1.5000,-0.2500,0.0625,124.596,2.758,86.150,1.907
300,-40,12.5,1.5000,-0.2000,0.0625,125.370,2.775,86.138,1.907
300,-25,12.5,1.5000,-0.1250,0.0625,137.224,3.037,86.002,1.904
300,0,12.5,1.5000,0.0000,0.0625,126.358,2.797,77.143,1.708
300,25,12.5,1.5000,0.1250,0.0625,125.959,2.788,78.260,1.732
300,40,12.5,1.5000,0.2000,0.0625,134.126,2.969,88.339,1.955
300,50,12.5,1.5000,0.2500,0.0625,124.636,2.759,92.811,2.054
300,60,12.5,1.5000,0.3000,0.0625,125.275,2.773,81.802,1.811
300,75,12.5,1.5000,0.3750,0.0625,111.804,2.475,88.318,1.955
300,100,12.5,1.5000,0.5000,0.0625,87.006,1.926,71.998,1.594
300,125,12.5,1.5000,0.6250,0.0625,66.808,1.479,70.475,1.560
300,150,12.5,1.5000,0.7500,0.0625,43.290,0.958,54.563,1.208
300,200,12.5,1.5000,1.0000,0.0625,17.380,0.385,35.368,0.783
400,-200,12.5,2.0000,-1.0000,0.0625,32.280,0.715,35.249,0.780
400,-150,12.5,2.0000,-0.7500,0.0625,49.969,1.106,46.380,1.027
400,-125,12.5,2.0000,-0.6250,0.0625,64.347,1.424,49.569,1.097
400,-100,12.5,2.0000,-0.5000,0.0625,79.518,1.760,51.273,1.135
400,-75,12.5,2.0000,-0.3750,0.0625,84.712,1.875,54.355,1.203
400,-60,12.5,2.0000,-0.3000,0.0625,91.231,2.019,56.764,1.256
400,-50,12.5,2.0000,-0.2500,0.0625,92.750,2.053,54.530,1.207
400,-40,12.5,2.0000,-0.2000,0.0625,103.140,2.283,61.317,1.357
400,-25,12.5,2.0000,-0.1250,0.0625,104.634,2.316,64.857,1.436
400,0,12.5,2.0000,0.0000,0.0625,100.719,2.229,61.585,1.363
400,25,12.5,2.0000,0.1250,0.0625,103.688,2.295,60.711,1.344
400,40,12.5,2.0000,0.2000,0.0625,98.100,2.171,59.923,1.326
400,50,12.5,2.0000,0.2500,0.0625,93.038,2.059,57.591,1.275
400,60,12.5,2.0000,0.3000,0.0625,94.168,2.084,67.277,1.489
400,75,12.5,2.0000,0.3750,0.0625,88.954,1.969,65.604,1.452
400,100,12.5,2.0000,0.5000,0.0625,71.783,1.589,55.162,1.221
400,125,12.5,2.0000,0.6250,0.0625,58.277,1.290,55.194,1.222
400,150,12.5,2.0000,0.7500,0.0625,43.710,0.968,47.641,1.055
400,200,12.5,2.0000,1.0000,0.0625,22.758,0.504,32.654,0.723