x(mm),y(mm),z(mm),x/H,y/H,z/H,<u/uH>,<v/uH>,<w/uH>,<urms/uH>,<vrms/uH>,<wrms/uH>,<k/uH2>,<uref-u>,<uref-v>,<uref-w>
-200,0,10,-1.000,0.000,0.050,0.1888 ,0.0160 ,-0.0067 ,0.1801 ,0.1395 ,0.0749 ,0.0288 ,5.2946 ,5.0818 ,6.1025 
-200,0,12.5,-1.000,0.000,0.065,0.2765 ,0.0021 ,-0.0322 ,0.1798 ,0.1531 ,0.0820 ,0.0313 ,5.2540 ,5.7785 ,5.2455 
-200,0,25,-1.000,0.000,0.125,0.3403 ,0.0185 ,-0.0012 ,0.1739 ,0.1566 ,0.0949 ,0.0319 ,5.2831 ,5.0665 ,6.1134 
-200,0,50,-1.000,0.000,0.250,0.5126 ,0.0005 ,-0.0402 ,0.2071 ,0.1642 ,0.1090 ,0.0409 ,5.2761 ,5.7966 ,5.2561 
-200,0,100,-1.000,0.000,0.500,0.6949 ,-0.0016 ,-0.0238 ,0.2144 ,0.1622 ,0.1219 ,0.0436 ,5.2550 ,5.7540 ,5.2360 
-200,0,150,-1.000,0.000,0.750,0.7669 ,0.0112 ,0.0503 ,0.2054 ,0.1517 ,0.1239 ,0.0403 ,5.2935 ,5.0956 ,6.0780 
-200,0,175,-1.000,0.000,0.875,0.8156 ,0.0063 ,0.0716 ,0.1995 ,0.1470 ,0.1233 ,0.0383 ,5.2795 ,5.0843 ,6.0874 
-200,0,190,-1.000,0.000,0.950,0.8638 ,0.0144 ,0.0785 ,0.2073 ,0.1475 ,0.1287 ,0.0406 ,5.3207 ,5.1028 ,6.1057 
-200,0,200,-1.000,0.000,1.000,0.9086 ,0.0074 ,0.0918 ,0.2041 ,0.1441 ,0.1249 ,0.0390 ,5.2673 ,5.0801 ,6.0760 
-200,0,210,-1.000,0.000,1.050,0.9219 ,0.0145 ,0.0909 ,0.2093 ,0.1455 ,0.1255 ,0.0404 ,5.2906 ,5.6098 ,6.0678 
-200,0,225,-1.000,0.000,1.125,0.9601 ,0.0064 ,0.0873 ,0.2067 ,0.1392 ,0.1257 ,0.0390 ,5.3125 ,5.6370 ,6.0779 
-200,0,250,-1.000,0.000,1.250,1.0422 ,0.0032 ,0.0901 ,0.2057 ,0.1415 ,0.1282 ,0.0394 ,5.3104 ,5.6251 ,6.0701 
-200,0,300,-1.000,0.000,1.500,1.1047 ,0.0053 ,0.0720 ,0.2086 ,0.1317 ,0.1265 ,0.0384 ,5.3093 ,5.6608 ,6.1103 
-150,0,10,-0.750,0.000,0.050,-0.1156 ,0.0026 ,-0.0085 ,0.2503 ,0.1479 ,0.1885 ,0.0600 ,5.2934 ,5.0894 ,6.0719 
-150,0,12.5,-0.750,0.000,0.065,0.0083 ,-0.0121 ,-0.0580 ,0.2379 ,0.1539 ,0.1973 ,0.0596 ,5.2645 ,5.7739 ,5.2425 
-150,0,25,-0.750,0.000,0.125,0.2273 ,0.0322 ,-0.0563 ,0.1854 ,0.1471 ,0.1430 ,0.0382 ,5.2954 ,5.0678 ,6.0654 
-150,0,50,-0.750,0.000,0.250,0.3563 ,0.0026 ,-0.1140 ,0.1746 ,0.1458 ,0.1208 ,0.0332 ,5.2880 ,5.7953 ,5.2362 
-150,0,100,-0.750,0.000,0.500,0.4706 ,0.0093 ,-0.0758 ,0.1728 ,0.1479 ,0.1221 ,0.0333 ,5.2440 ,5.7991 ,5.2531 
-150,0,150,-0.750,0.000,0.750,0.5509 ,0.0105 ,0.0527 ,0.1690 ,0.1423 ,0.1236 ,0.0320 ,5.2761 ,5.0933 ,6.0869 
-150,0,175,-0.750,0.000,0.875,0.6456 ,0.0044 ,0.1165 ,0.1789 ,0.1493 ,0.1216 ,0.0346 ,5.3105 ,5.0786 ,6.0927 
-150,0,190,-0.750,0.000,0.950,0.7660 ,0.0056 ,0.1599 ,0.1838 ,0.1514 ,0.1279 ,0.0365 ,5.2740 ,5.0948 ,6.0920 
-150,0,200,-0.750,0.000,1.000,0.7987 ,0.0045 ,0.1798 ,0.1937 ,0.1505 ,0.1259 ,0.0380 ,5.3083 ,5.0833 ,6.0710 
-150,0,210,-0.750,0.000,1.050,0.8663 ,0.0002 ,0.1877 ,0.1919 ,0.1455 ,0.1266 ,0.0370 ,5.3024 ,5.0809 ,6.1045 
-150,0,225,-0.750,0.000,1.125,0.9558 ,0.0077 ,0.1838 ,0.1987 ,0.1429 ,0.1271 ,0.0380 ,5.2868 ,5.0909 ,6.1177 
-150,0,250,-0.750,0.000,1.250,1.0559 ,-0.0010 ,0.1524 ,0.2003 ,0.1464 ,0.1288 ,0.0391 ,5.3022 ,5.0470 ,6.0998 
-150,0,300,-0.750,0.000,1.500,1.1511 ,0.0050 ,0.0897 ,0.2073 ,0.1328 ,0.1271 ,0.0384 ,5.3280 ,5.0944 ,6.0732 
-125,0,10,-0.625,0.000,0.050,-0.1964 ,0.0052 ,-0.1077 ,0.1950 ,0.1353 ,0.1635 ,0.0415 ,5.2475 ,5.1158 ,6.0741 
-125,0,12.5,-0.625,0.000,0.065,-0.0892 ,-0.0059 ,-0.1667 ,0.2048 ,0.1321 ,0.1649 ,0.0433 ,5.3019 ,5.7689 ,5.2351 
-125,0,25,-0.625,0.000,0.125,0.0416 ,0.0357 ,-0.2084 ,0.1774 ,0.1406 ,0.1337 ,0.0346 ,5.2904 ,5.0804 ,6.1050 
-125,0,50,-0.625,0.000,0.250,0.1629 ,0.0178 ,-0.2271 ,0.1486 ,0.1510 ,0.1380 ,0.0320 ,5.2649 ,5.7898 ,5.2799 
-125,0,100,-0.625,0.000,0.500,0.2330 ,0.0071 ,-0.1505 ,0.1422 ,0.1585 ,0.1436 ,0.0330 ,5.2637 ,5.7979 ,5.2620 
-125,0,150,-0.625,0.000,0.750,0.3154 ,0.0103 ,0.0320 ,0.1313 ,0.1527 ,0.1340 ,0.0292 ,5.2765 ,5.0755 ,6.0844 
-125,0,175,-0.625,0.000,0.875,0.4200 ,-0.0025 ,0.1734 ,0.1380 ,0.1602 ,0.1332 ,0.0312 ,5.3098 ,5.0729 ,6.0928 
-125,0,190,-0.625,0.000,0.950,0.5739 ,0.0002 ,0.2827 ,0.1531 ,0.1531 ,0.1439 ,0.0338 ,5.3088 ,5.0542 ,6.1154 
-125,0,200,-0.625,0.000,1.000,0.7095 ,-0.0062 ,0.3436 ,0.1695 ,0.1438 ,0.1411 ,0.0347 ,5.2840 ,5.0817 ,6.1108 
-125,0,210,-0.625,0.000,1.050,0.8566 ,-0.0112 ,0.3538 ,0.1810 ,0.1502 ,0.1370 ,0.0370 ,5.2996 ,5.1111 ,6.0917 
-125,0,225,-0.625,0.000,1.125,0.9808 ,-0.0022 ,0.2924 ,0.2029 ,0.1443 ,0.1337 ,0.0399 ,5.2977 ,5.0700 ,6.0980 
-125,0,250,-0.625,0.000,1.250,1.0627 ,0.0060 ,0.2006 ,0.2124 ,0.1407 ,0.1316 ,0.0411 ,5.2938 ,5.0849 ,6.0817 
-125,0,300,-0.625,0.000,1.500,1.1571 ,0.0064 ,0.1009 ,0.2020 ,0.1342 ,0.1273 ,0.0375 ,5.2958 ,5.0673 ,6.1181 
-110,0,10,-0.550,0.000,0.050,-0.1929 ,-0.0019 ,-0.1724 ,0.1634 ,0.1634 ,0.1083 ,0.0326 ,5.2906 ,5.0952 ,6.0945 
-110,0,12.5,-0.550,0.000,0.065,-0.1498 ,-0.0027 ,-0.2186 ,0.1603 ,0.1618 ,0.1126 ,0.0323 ,5.2932 ,5.7588 ,5.2445 
-110,0,25,-0.550,0.000,0.125,-0.0770 ,0.0217 ,-0.2701 ,0.1445 ,0.1511 ,0.1203 ,0.0291 ,5.3004 ,5.0765 ,6.0841 
-110,0,50,-0.550,0.000,0.250,0.0076 ,0.0295 ,-0.3130 ,0.1293 ,0.1715 ,0.1633 ,0.0364 ,5.2838 ,5.7824 ,5.2486 
-110,0,100,-0.550,0.000,0.500,0.0545 ,0.0231 ,-0.2156 ,0.1204 ,0.1789 ,0.1819 ,0.0398 ,5.2605 ,5.7763 ,5.2490 
-110,0,150,-0.550,0.000,0.750,0.1014 ,0.0101 ,0.0111 ,0.1039 ,0.1811 ,0.1802 ,0.0380 ,5.2735 ,5.0779 ,6.0883 
-110,0,175,-0.550,0.000,0.875,0.1900 ,0.0002 ,0.2053 ,0.1076 ,0.1808 ,0.1643 ,0.0356 ,5.2776 ,5.0431 ,6.0984 
-110,0,190,-0.550,0.000,0.950,0.3499 ,-0.0127 ,0.4412 ,0.1143 ,0.1846 ,0.1793 ,0.0396 ,5.2891 ,5.0797 ,6.0951 
-110,0,200,-0.550,0.000,1.000,0.6038 ,-0.0177 ,0.6289 ,0.1546 ,0.1729 ,0.1770 ,0.0426 ,5.3204 ,5.0603 ,6.0735 
-110,0,210,-0.550,0.000,1.050,0.8775 ,-0.0069 ,0.5682 ,0.1939 ,0.1546 ,0.1557 ,0.0429 ,5.3163 ,5.0743 ,6.0936 
-110,0,225,-0.550,0.000,1.125,1.0810 ,-0.0061 ,0.3987 ,0.1993 ,0.1460 ,0.1438 ,0.0409 ,5.2875 ,5.0607 ,6.0780 
-110,0,250,-0.550,0.000,1.250,1.1494 ,0.0015 ,0.2214 ,0.2013 ,0.1340 ,0.1318 ,0.0379 ,5.2577 ,5.0505 ,6.0781 
-110,0,300,-0.550,0.000,1.500,1.1719 ,0.0064 ,0.1031 ,0.1989 ,0.1282 ,0.1257 ,0.0359 ,5.2734 ,5.0590 ,6.1030 
-100,0,205,-0.500,0.000,1.025,0.9780 ,-0.0037 ,1.0635 ,0.2114 ,0.1896 ,0.1992 ,0.0601 ,5.3177 ,5.0594 ,6.0989 
-100,0,210,-0.500,0.000,1.050,1.0903 ,-0.0052 ,0.7938 ,0.2201 ,0.1674 ,0.2102 ,0.0603 ,5.3206 ,5.0845 ,6.0998 
-100,0,225,-0.500,0.000,1.125,1.1531 ,-0.0088 ,0.4476 ,0.2191 ,0.1447 ,0.1613 ,0.0475 ,5.2852 ,5.0423 ,6.0852 
-100,0,250,-0.500,0.000,1.250,1.1738 ,-0.0045 ,0.2322 ,0.2126 ,0.1365 ,0.1323 ,0.0407 ,5.2885 ,5.0746 ,6.0719 
-100,0,300,-0.500,0.000,1.500,1.1843 ,0.0016 ,0.0999 ,0.2073 ,0.1326 ,0.1240 ,0.0380 ,5.3039 ,5.0571 ,6.0892 
-75,0,205,-0.375,0.000,1.025,-0.2612 ,-0.0262 ,0.0224 ,0.2661 ,0.2506 ,0.1742 ,0.0820 ,5.3294 ,5.0755 ,6.0898 
-75,0,210,-0.375,0.000,1.050,0.1563 ,-0.0100 ,0.0435 ,0.4624 ,0.2435 ,0.1933 ,0.1552 ,5.2860 ,5.0394 ,6.0791 
-75,0,225,-0.375,0.000,1.125,1.3679 ,-0.0029 ,0.3460 ,0.3161 ,0.1470 ,0.1767 ,0.0764 ,5.2988 ,5.0639 ,6.0857 
-75,0,250,-0.375,0.000,1.250,1.2401 ,0.0021 ,0.1976 ,0.2233 ,0.1348 ,0.1360 ,0.0433 ,5.3066 ,5.0563 ,6.0741 
-75,0,300,-0.375,0.000,1.500,1.2168 ,0.0051 ,0.0873 ,0.2000 ,0.1286 ,0.1262 ,0.0362 ,5.2712 ,5.0631 ,6.0877 
-50,0,205,-0.250,0.000,1.025,-0.1176 ,0.0052 ,-0.0275 ,0.3124 ,0.3534 ,0.1943 ,0.1301 ,5.3123 ,5.0626 ,6.1139 
-50,0,210,-0.250,0.000,1.050,0.0904 ,0.0106 ,-0.0618 ,0.3811 ,0.2808 ,0.2358 ,0.1399 ,5.2985 ,5.0559 ,6.1192 
-50,0,225,-0.250,0.000,1.125,1.0660 ,0.0111 ,0.0484 ,0.4386 ,0.2001 ,0.1650 ,0.1298 ,5.3167 ,5.0567 ,6.0731 
-50,0,250,-0.250,0.000,1.250,1.2621 ,0.0132 ,0.1035 ,0.2237 ,0.1368 ,0.1266 ,0.0424 ,5.3039 ,5.0609 ,6.1015 
-50,0,300,-0.250,0.000,1.500,1.2029 ,0.0070 ,0.0685 ,0.2050 ,0.1315 ,0.1195 ,0.0368 ,5.2967 ,5.0686 ,6.0991 
-25,0,205,-0.125,0.000,1.025,0.1941 ,0.0307 ,-0.0373 ,0.3409 ,0.3686 ,0.1750 ,0.1413 ,5.2897 ,5.0389 ,6.1159 
-25,0,210,-0.125,0.000,1.050,0.3223 ,0.0248 ,-0.0724 ,0.3765 ,0.3146 ,0.2175 ,0.1440 ,5.3159 ,5.0687 ,6.0731 
-25,0,225,-0.125,0.000,1.125,0.9056 ,0.0199 ,-0.0479 ,0.4099 ,0.2195 ,0.1711 ,0.1228 ,5.2959 ,5.0557 ,6.0878 
-25,0,250,-0.125,0.000,1.250,1.1996 ,0.0085 ,0.0378 ,0.2288 ,0.1428 ,0.1138 ,0.0428 ,5.3029 ,5.0649 ,6.1007 
-25,0,300,-0.125,0.000,1.500,1.1904 ,0.0035 ,0.0413 ,0.1980 ,0.1308 ,0.1207 ,0.0354 ,5.3208 ,5.0538 ,6.1040 
0,0,205,0.000,0.000,1.025,0.4201 ,0.0453 ,-0.0233 ,0.3358 ,0.3352 ,0.1625 ,0.1258 ,5.3245 ,5.0415 ,6.0816 
0,0,210,0.000,0.000,1.050,0.5304 ,0.0277 ,-0.0539 ,0.3407 ,0.3136 ,0.1931 ,0.1258 ,5.3052 ,5.0589 ,6.0721 
0,0,225,0.000,0.000,1.125,0.8804 ,0.0175 ,-0.0617 ,0.3605 ,0.2264 ,0.1656 ,0.1043 ,5.3101 ,5.0724 ,6.0930 
0,0,250,0.000,0.000,1.250,1.1649 ,0.0142 ,-0.0038 ,0.2391 ,0.1547 ,0.1113 ,0.0468 ,5.3143 ,5.0479 ,6.1004 
0,0,300,0.000,0.000,1.500,1.2021 ,0.0040 ,0.0224 ,0.2043 ,0.1271 ,0.1162 ,0.0357 ,5.2963 ,5.0695 ,6.0527 
10,0,10,0.050,0.000,0.050,-0.1425 ,-0.0251 ,0.0115 ,0.1033 ,0.1881 ,0.0881 ,0.0269 ,5.3087 ,5.0235 ,6.0612 
10,0,12.5,0.050,0.000,0.065,-0.1305 ,-0.0411 ,-0.0047 ,0.1130 ,0.1997 ,0.0934 ,0.0307 ,5.3103 ,5.7801 ,5.2713 
10,0,25,0.050,0.000,0.125,-0.1239 ,-0.0356 ,0.0420 ,0.1024 ,0.1950 ,0.1185 ,0.0313 ,5.2963 ,5.0253 ,6.0531 
10,0,50,0.050,0.000,0.250,-0.0884 ,-0.0425 ,0.0612 ,0.1188 ,0.1952 ,0.1320 ,0.0348 ,5.2984 ,5.7712 ,5.2831 
10,0,100,0.050,0.000,0.500,-0.0617 ,-0.0516 ,0.1350 ,0.1193 ,0.1686 ,0.1461 ,0.0320 ,5.3381 ,5.8002 ,5.2548 
10,0,150,0.050,0.000,0.750,-0.0572 ,-0.0391 ,0.1939 ,0.1031 ,0.1381 ,0.1413 ,0.0248 ,5.3175 ,5.0325 ,6.0760 
10,0,175,0.050,0.000,0.875,-0.0378 ,-0.0260 ,0.1999 ,0.0983 ,0.1362 ,0.1289 ,0.0224 ,5.3008 ,5.0399 ,6.0972 
10,0,190,0.050,0.000,0.950,-0.0175 ,-0.0143 ,0.1495 ,0.0908 ,0.1317 ,0.1163 ,0.0196 ,5.3058 ,5.0304 ,6.0766 
10,0,200,0.050,0.000,1.000,0.2969 ,0.0314 ,-0.0414 ,0.2158 ,0.2054 ,0.1707 ,0.0589 ,5.3088 ,5.0439 ,6.0824 
10,0,210,0.050,0.000,1.050,0.6037 ,0.0360 ,-0.0463 ,0.3240 ,0.2969 ,0.1947 ,0.1155 ,5.3059 ,5.0398 ,6.0734 
10,0,225,0.050,0.000,1.125,0.9088 ,0.0184 ,-0.0603 ,0.3481 ,0.2281 ,0.1692 ,0.1009 ,5.2956 ,5.0750 ,6.0922 
10,0,250,0.050,0.000,1.250,1.1589 ,0.0179 ,-0.0165 ,0.2307 ,0.1545 ,0.1101 ,0.0446 ,5.2751 ,5.0457 ,6.0893 
10,0,300,0.050,0.000,1.500,1.1872 ,0.0088 ,0.0149 ,0.1948 ,0.1299 ,0.1177 ,0.0344 ,5.3218 ,5.0573 ,6.0838 
25,0,10,0.125,0.000,0.050,-0.2181 ,-0.0293 ,0.0406 ,0.1483 ,0.2021 ,0.0956 ,0.0360 ,5.2847 ,5.0386 ,6.0885 
25,0,12.5,0.125,0.000,0.065,-0.2172 ,-0.0396 ,0.0189 ,0.1675 ,0.1974 ,0.1041 ,0.0389 ,5.3243 ,5.7686 ,5.2678 
25,0,25,0.125,0.000,0.125,-0.2057 ,-0.0349 ,0.0473 ,0.1403 ,0.1838 ,0.1213 ,0.0341 ,5.2704 ,5.0288 ,6.0694 
25,0,50,0.125,0.000,0.250,-0.2015 ,-0.0422 ,0.0561 ,0.1627 ,0.2088 ,0.1367 ,0.0444 ,5.3408 ,5.7700 ,5.2883 
25,0,100,0.125,0.000,0.500,-0.1607 ,-0.0364 ,0.1092 ,0.1579 ,0.1895 ,0.1501 ,0.0417 ,5.3151 ,5.7661 ,5.2815 
25,0,150,0.125,0.000,0.750,-0.1250 ,-0.0255 ,0.1462 ,0.1354 ,0.1559 ,0.1489 ,0.0324 ,5.2998 ,5.0554 ,6.0743 
25,0,175,0.125,0.000,0.875,-0.0643 ,-0.0205 ,0.1247 ,0.1250 ,0.1447 ,0.1415 ,0.0283 ,5.3105 ,5.0586 ,6.0877 
25,0,190,0.125,0.000,0.950,0.0563 ,-0.0011 ,0.0282 ,0.1347 ,0.1616 ,0.1826 ,0.0388 ,5.2867 ,5.0553 ,6.0715 
25,0,200,0.125,0.000,1.000,0.4254 ,0.0360 ,-0.0628 ,0.2557 ,0.2431 ,0.1852 ,0.0794 ,5.2900 ,5.0474 ,6.0854 
25,0,210,0.125,0.000,1.050,0.6710 ,0.0219 ,-0.0746 ,0.3154 ,0.2848 ,0.1877 ,0.1079 ,5.2817 ,5.0363 ,6.0903 
25,0,225,0.125,0.000,1.125,0.9140 ,0.0174 ,-0.0706 ,0.3281 ,0.2243 ,0.1582 ,0.0915 ,5.2868 ,5.0278 ,6.0899 
25,0,250,0.125,0.000,1.250,1.1057 ,0.0121 ,-0.0297 ,0.2327 ,0.1564 ,0.1127 ,0.0457 ,5.3061 ,5.0494 ,6.0975 
25,0,300,0.125,0.000,1.500,1.1782 ,0.0040 ,0.0050 ,0.1927 ,0.1302 ,0.1177 ,0.0340 ,5.2848 ,5.0156 ,6.0958 
50,0,10,0.250,0.000,0.050,-0.2604 ,-0.0333 ,0.0412 ,0.1771 ,0.2406 ,0.1100 ,0.0507 ,5.3067 ,5.0004 ,6.0860 
50,0,12.5,0.250,0.000,0.065,-0.2532 ,-0.0405 ,0.0182 ,0.1965 ,0.2449 ,0.1225 ,0.0568 ,5.3502 ,5.7517 ,5.2853 
50,0,25,0.250,0.000,0.125,-0.2484 ,-0.0381 ,0.0509 ,0.1704 ,0.2249 ,0.1463 ,0.0505 ,5.3315 ,5.0259 ,6.0940 
50,0,50,0.250,0.000,0.250,-0.2718 ,-0.0424 ,0.0345 ,0.1838 ,0.2287 ,0.1729 ,0.0580 ,5.3118 ,5.7526 ,5.2920 
50,0,100,0.250,0.000,0.500,-0.2255 ,-0.0307 ,0.0499 ,0.1928 ,0.2185 ,0.1837 ,0.0593 ,5.3464 ,5.7821 ,5.2647 
50,0,150,0.250,0.000,0.750,-0.1593 ,-0.0270 ,0.0694 ,0.1631 ,0.2096 ,0.1906 ,0.0534 ,5.2943 ,5.0203 ,6.0740 
50,0,175,0.250,0.000,0.875,-0.0435 ,-0.0044 ,0.0236 ,0.1562 ,0.2004 ,0.2085 ,0.0540 ,5.3187 ,5.0316 ,6.0837 
50,0,190,0.250,0.000,0.950,0.2236 ,0.0190 ,-0.0903 ,0.2022 ,0.2255 ,0.2259 ,0.0714 ,5.3279 ,5.0262 ,6.0811 
50,0,200,0.250,0.000,1.000,0.5369 ,0.0295 ,-0.1152 ,0.2868 ,0.2533 ,0.1970 ,0.0926 ,5.3199 ,5.0393 ,6.0940 
50,0,210,0.250,0.000,1.050,0.7648 ,0.0263 ,-0.1050 ,0.3102 ,0.2448 ,0.1814 ,0.0945 ,5.3375 ,5.0543 ,6.0828 
50,0,225,0.250,0.000,1.125,0.9130 ,0.0191 ,-0.0989 ,0.2974 ,0.2136 ,0.1524 ,0.0786 ,5.3065 ,5.0259 ,6.0498 
50,0,250,0.250,0.000,1.250,1.0941 ,0.0127 ,-0.0442 ,0.2440 ,0.1630 ,0.1129 ,0.0494 ,5.2636 ,5.0410 ,6.0664 
50,0,300,0.250,0.000,1.500,1.1499 ,0.0004 ,-0.0032 ,0.2000 ,0.1240 ,0.1156 ,0.0344 ,5.3125 ,5.0311 ,6.0856 
75,0,10,0.375,0.000,0.050,-0.2155 ,-0.0310 ,0.0306 ,0.1842 ,0.2664 ,0.1164 ,0.0592 ,5.3240 ,5.0148 ,6.0697 
75,0,12.5,0.375,0.000,0.065,-0.1943 ,-0.0198 ,0.0144 ,0.2086 ,0.2766 ,0.1312 ,0.0686 ,5.3302 ,5.7534 ,5.3079 
75,0,25,0.375,0.000,0.125,-0.2154 ,-0.0397 ,0.0451 ,0.1791 ,0.2620 ,0.1652 ,0.0640 ,5.3261 ,5.0247 ,6.0839 
75,0,50,0.375,0.000,0.250,-0.2123 ,-0.0322 ,0.0302 ,0.1895 ,0.2661 ,0.1897 ,0.0713 ,5.3373 ,5.7852 ,5.2884 
75,0,100,0.375,0.000,0.500,-0.1842 ,-0.0330 ,0.0214 ,0.1942 ,0.2640 ,0.2133 ,0.0765 ,5.3408 ,5.7566 ,5.2888 
75,0,150,0.375,0.000,0.750,-0.1074 ,-0.0063 ,-0.0010 ,0.1770 ,0.2515 ,0.2311 ,0.0740 ,5.2866 ,5.0314 ,6.1039 
75,0,175,0.375,0.000,0.875,0.0754 ,0.0117 ,-0.0728 ,0.1990 ,0.2434 ,0.2455 ,0.0796 ,5.2913 ,5.0562 ,6.0821 
75,0,190,0.375,0.000,0.950,0.3585 ,0.0270 ,-0.1456 ,0.2553 ,0.2507 ,0.2385 ,0.0925 ,5.3072 ,5.0066 ,6.1015 
75,0,200,0.375,0.000,1.000,0.5910 ,0.0315 ,-0.1451 ,0.2973 ,0.2525 ,0.2023 ,0.0965 ,5.2578 ,5.0325 ,6.0776 
75,0,210,0.375,0.000,1.050,0.7608 ,0.0249 ,-0.1322 ,0.2925 ,0.2321 ,0.1778 ,0.0855 ,5.2937 ,5.0468 ,6.0513 
75,0,225,0.375,0.000,1.125,0.9361 ,0.0238 ,-0.1004 ,0.2716 ,0.2001 ,0.1449 ,0.0674 ,5.3109 ,5.0003 ,6.1016 
75,0,250,0.375,0.000,1.250,1.0740 ,0.0094 ,-0.0573 ,0.2310 ,0.1582 ,0.1203 ,0.0464 ,5.3057 ,5.0098 ,6.1179 
75,0,300,0.375,0.000,1.500,1.1649 ,-0.0042 ,-0.0172 ,0.1891 ,0.1258 ,0.1172 ,0.0327 ,5.3113 ,5.0443 ,6.0945 
100,0,10,0.500,0.000,0.050,-0.1328 ,-0.0225 ,0.0177 ,0.1872 ,0.2712 ,0.1254 ,0.0622 ,5.3237 ,5.0174 ,6.0975 
100,0,12.5,0.500,0.000,0.065,-0.1212 ,-0.0312 ,0.0029 ,0.2111 ,0.2822 ,0.1368 ,0.0715 ,5.3359 ,5.7695 ,5.2886 
100,0,25,0.500,0.000,0.125,-0.1324 ,-0.0174 ,0.0303 ,0.1940 ,0.2651 ,0.1718 ,0.0687 ,5.3213 ,5.0331 ,6.0830 
100,0,50,0.500,0.000,0.250,-0.1135 ,-0.0232 ,0.0061 ,0.1973 ,0.2779 ,0.1985 ,0.0778 ,5.3523 ,5.7363 ,5.3138 
100,0,100,0.500,0.000,0.500,-0.0925 ,-0.0084 ,-0.0068 ,0.1977 ,0.2951 ,0.2332 ,0.0903 ,5.3518 ,5.7457 ,5.3007 
100,0,150,0.500,0.000,0.750,-0.0038 ,0.0181 ,-0.0450 ,0.1822 ,0.2918 ,0.2619 ,0.0935 ,5.2791 ,5.0168 ,6.0840 
100,0,175,0.500,0.000,0.875,0.1982 ,0.0191 ,-0.1100 ,0.2129 ,0.2673 ,0.2601 ,0.0922 ,5.3146 ,5.0319 ,6.0829 
100,0,190,0.500,0.000,0.950,0.4478 ,0.0246 ,-0.1483 ,0.2655 ,0.2589 ,0.2335 ,0.0960 ,5.3324 ,5.0216 ,6.0836 
100,0,200,0.500,0.000,1.000,0.6275 ,0.0245 ,-0.1498 ,0.2802 ,0.2419 ,0.2053 ,0.0896 ,5.2941 ,5.0376 ,6.0810 
100,0,210,0.500,0.000,1.050,0.7774 ,0.0244 ,-0.1354 ,0.2900 ,0.2244 ,0.1776 ,0.0830 ,5.2858 ,5.0184 ,6.0450 
100,0,225,0.500,0.000,1.125,0.9217 ,0.0216 ,-0.1060 ,0.2650 ,0.1904 ,0.1462 ,0.0639 ,5.2955 ,5.0546 ,6.0635 
100,0,250,0.500,0.000,1.250,1.0606 ,0.0011 ,-0.0653 ,0.2242 ,0.1615 ,0.1187 ,0.0452 ,5.3050 ,5.0309 ,6.0636 
100,0,300,0.500,0.000,1.500,1.1410 ,0.0005 ,-0.0156 ,0.1983 ,0.1300 ,0.1185 ,0.0351 ,5.3055 ,5.0081 ,6.0625 
150,0,10,0.750,0.000,0.050,0.0092 ,-0.0049 ,-0.0056 ,0.1767 ,0.2517 ,0.1219 ,0.0547 ,5.3071 ,5.0226 ,6.0815 
150,0,12.5,0.750,0.000,0.065,0.0494 ,-0.0121 ,-0.0239 ,0.2032 ,0.2611 ,0.1334 ,0.0636 ,5.3458 ,5.7262 ,5.3106 
150,0,25,0.750,0.000,0.125,0.0434 ,-0.0063 ,0.0038 ,0.1968 ,0.2698 ,0.1720 ,0.0706 ,5.3136 ,5.0254 ,6.0732 
150,0,50,0.750,0.000,0.250,0.0828 ,-0.0102 ,-0.0233 ,0.2175 ,0.3103 ,0.2153 ,0.0950 ,5.3078 ,5.7488 ,5.3194 
150,0,100,0.750,0.000,0.500,0.1324 ,-0.0006 ,-0.0518 ,0.2138 ,0.3250 ,0.2486 ,0.1066 ,5.3708 ,5.7385 ,5.3191 
150,0,150,0.750,0.000,0.750,0.2225 ,0.0337 ,-0.0910 ,0.2011 ,0.3036 ,0.2669 ,0.1019 ,5.3185 ,5.0454 ,6.0891 
150,0,175,0.750,0.000,0.875,0.3826 ,0.0304 ,-0.1367 ,0.2279 ,0.2794 ,0.2491 ,0.0960 ,5.3242 ,5.0062 ,6.0769 
150,0,190,0.750,0.000,0.950,0.5741 ,0.0177 ,-0.1392 ,0.2596 ,0.2488 ,0.2245 ,0.0899 ,5.3078 ,5.0083 ,6.1202 
150,0,200,0.750,0.000,1.000,0.6710 ,0.0154 ,-0.1206 ,0.2646 ,0.2401 ,0.1913 ,0.0821 ,5.3134 ,5.0132 ,6.0709 
150,0,210,0.750,0.000,1.050,0.7816 ,0.0152 ,-0.1234 ,0.2762 ,0.2169 ,0.1781 ,0.0775 ,5.3178 ,5.0152 ,6.0775 
150,0,225,0.750,0.000,1.125,0.9039 ,0.0189 ,-0.0999 ,0.2471 ,0.1847 ,0.1446 ,0.0580 ,5.3315 ,5.0002 ,6.0821 
150,0,250,0.750,0.000,1.250,1.0383 ,0.0108 ,-0.0703 ,0.2280 ,0.1567 ,0.1234 ,0.0459 ,5.3124 ,5.0176 ,6.0976 
150,0,300,0.750,0.000,1.500,1.1255 ,-0.0004 ,-0.0271 ,0.2048 ,0.1293 ,0.1174 ,0.0362 ,5.3080 ,5.0191 ,6.0816 
200,0,10,1.000,0.000,0.050,0.1148 ,0.0005 ,-0.0161 ,0.1768 ,0.2292 ,0.1175 ,0.0488 ,5.3250 ,5.0588 ,6.0791 
200,0,12.5,1.000,0.000,0.065,0.1571 ,0.0085 ,-0.0336 ,0.1918 ,0.2595 ,0.1283 ,0.0603 ,5.3529 ,5.7640 ,5.3274 
200,0,25,1.000,0.000,0.125,0.1561 ,-0.0030 ,-0.0183 ,0.1915 ,0.2413 ,0.1640 ,0.0609 ,5.3018 ,5.0531 ,6.0767 
200,0,50,1.000,0.000,0.250,0.2392 ,-0.0073 ,-0.0560 ,0.2087 ,0.2831 ,0.2086 ,0.0836 ,5.3506 ,5.7487 ,5.2984 
200,0,100,1.000,0.000,0.500,0.3169 ,0.0002 ,-0.0851 ,0.2153 ,0.3154 ,0.2360 ,0.1008 ,5.3249 ,5.7559 ,5.3015 
200,0,150,1.000,0.000,0.750,0.3992 ,0.0163 ,-0.0965 ,0.2151 ,0.2719 ,0.2450 ,0.0901 ,5.2794 ,5.0537 ,6.0443 
200,0,175,1.000,0.000,0.875,0.5514 ,0.0160 ,-0.1054 ,0.2379 ,0.2575 ,0.2241 ,0.0866 ,5.3125 ,5.0448 ,6.0820 
200,0,190,1.000,0.000,0.950,0.6524 ,0.0184 ,-0.1156 ,0.2574 ,0.2265 ,0.2061 ,0.0800 ,5.3071 ,5.0312 ,6.0911 
200,0,200,1.000,0.000,1.000,0.7551 ,0.0180 ,-0.0986 ,0.2484 ,0.2224 ,0.1849 ,0.0727 ,5.3135 ,5.0406 ,6.0942 
200,0,210,1.000,0.000,1.050,0.8379 ,0.0156 ,-0.0896 ,0.2546 ,0.2076 ,0.1705 ,0.0685 ,5.3208 ,5.0193 ,6.0863 
200,0,225,1.000,0.000,1.125,0.9180 ,0.0127 ,-0.0811 ,0.2321 ,0.1843 ,0.1475 ,0.0548 ,5.3061 ,5.0294 ,6.0965 
200,0,250,1.000,0.000,1.250,1.0102 ,0.0095 ,-0.0584 ,0.2225 ,0.1551 ,0.1230 ,0.0444 ,5.3034 ,5.0239 ,6.0773 
200,0,300,1.000,0.000,1.500,1.1338 ,0.0005 ,-0.0286 ,0.1814 ,0.1270 ,0.1120 ,0.0308 ,5.3282 ,5.0281 ,6.0886 
250,0,10,1.250,0.000,0.050,0.2096 ,-0.0187 ,-0.0157 ,0.1704 ,0.2149 ,0.1110 ,0.0438 ,5.3004 ,5.0043 ,6.0895 
250,0,12.5,1.250,0.000,0.065,0.2618 ,0.0036 ,-0.0337 ,0.1813 ,0.2264 ,0.1280 ,0.0503 ,5.3337 ,5.7137 ,5.3353 
250,0,25,1.250,0.000,0.125,0.2439 ,0.0157 ,-0.0240 ,0.1781 ,0.2256 ,0.1586 ,0.0539 ,5.3294 ,5.0428 ,6.0774 
250,0,50,1.250,0.000,0.250,0.3467 ,0.0004 ,-0.0532 ,0.2126 ,0.2704 ,0.1912 ,0.0774 ,5.3207 ,5.7194 ,5.3289 
250,0,100,1.250,0.000,0.500,0.4657 ,0.0024 ,-0.0894 ,0.2207 ,0.2961 ,0.2228 ,0.0930 ,5.4047 ,5.7185 ,5.3555 
250,0,150,1.250,0.000,0.750,0.5312 ,0.0112 ,-0.0738 ,0.2201 ,0.2602 ,0.2241 ,0.0832 ,5.3153 ,5.0229 ,6.1114 
250,0,175,1.250,0.000,0.875,0.6548 ,0.0202 ,-0.0866 ,0.2404 ,0.2329 ,0.2085 ,0.0778 ,5.3425 ,5.0176 ,6.0738 
250,0,190,1.250,0.000,0.950,0.7558 ,0.0124 ,-0.0854 ,0.2515 ,0.2155 ,0.1865 ,0.0722 ,5.3121 ,4.9916 ,6.1011 
250,0,200,1.250,0.000,1.000,0.8139 ,0.0140 ,-0.0829 ,0.2484 ,0.2036 ,0.1793 ,0.0677 ,5.3237 ,4.9970 ,6.0737 
250,0,210,1.250,0.000,1.050,0.8877 ,0.0100 ,-0.0707 ,0.2438 ,0.1940 ,0.1595 ,0.0613 ,5.3333 ,5.0228 ,6.0893 
250,0,225,1.250,0.000,1.125,0.9512 ,0.0120 ,-0.0667 ,0.2263 ,0.1805 ,0.1450 ,0.0524 ,5.3353 ,5.0038 ,6.1143 
250,0,250,1.250,0.000,1.250,1.0459 ,0.0030 ,-0.0479 ,0.2051 ,0.1546 ,0.1257 ,0.0409 ,5.3283 ,5.0222 ,6.0839 
250,0,300,1.250,0.000,1.500,1.1583 ,0.0009 ,-0.0198 ,0.1801 ,0.1257 ,0.1185 ,0.0311 ,5.3473 ,5.0372 ,6.1214 
300,0,10,1.500,0.000,0.050,0.2819 ,-0.0083 ,-0.0144 ,0.1687 ,0.2079 ,0.1000 ,0.0408 ,5.3137 ,5.0316 ,6.1107 
300,0,12.5,1.500,0.000,0.065,0.3503 ,-0.0239 ,-0.0385 ,0.1736 ,0.2182 ,0.1169 ,0.0457 ,5.3565 ,5.7183 ,5.3455 
300,0,25,1.500,0.000,0.125,0.3300 ,-0.0061 ,-0.0177 ,0.1742 ,0.2201 ,0.1515 ,0.0509 ,5.3192 ,5.0331 ,6.0868 
300,0,50,1.500,0.000,0.250,0.4528 ,-0.0003 ,-0.0658 ,0.2039 ,0.2558 ,0.1818 ,0.0700 ,5.3554 ,5.7066 ,5.3184 
300,0,100,1.500,0.000,0.500,0.5501 ,-0.0019 ,-0.0946 ,0.2176 ,0.2734 ,0.2127 ,0.0837 ,5.3694 ,5.7363 ,5.3431 
300,0,150,1.500,0.000,0.750,0.6307 ,0.0239 ,-0.0747 ,0.2206 ,0.2292 ,0.2102 ,0.0727 ,5.3211 ,5.0200 ,6.0601 
300,0,175,1.500,0.000,0.875,0.7380 ,0.0082 ,-0.0723 ,0.2453 ,0.2146 ,0.1890 ,0.0710 ,5.3246 ,5.0060 ,6.1014 
300,0,190,1.500,0.000,0.950,0.7990 ,0.0054 ,-0.0685 ,0.2346 ,0.2041 ,0.1758 ,0.0638 ,5.3322 ,5.0268 ,6.0967 
300,0,200,1.500,0.000,1.000,0.8781 ,0.0125 ,-0.0661 ,0.2354 ,0.1887 ,0.1658 ,0.0593 ,5.3247 ,5.0124 ,6.1303 
300,0,210,1.500,0.000,1.050,0.8896 ,0.0083 ,-0.0612 ,0.2393 ,0.1844 ,0.1571 ,0.0580 ,5.3222 ,5.0110 ,6.0870 
300,0,225,1.500,0.000,1.125,0.9776 ,0.0046 ,-0.0510 ,0.2314 ,0.1715 ,0.1405 ,0.0514 ,5.2963 ,5.0261 ,6.0897 
300,0,250,1.500,0.000,1.250,1.0341 ,-0.0009 ,-0.0361 ,0.2154 ,0.1519 ,0.1292 ,0.0431 ,5.3257 ,5.0356 ,6.0889 
300,0,300,1.500,0.000,1.500,1.1344 ,-0.0055 ,-0.0218 ,0.1839 ,0.1276 ,0.1169 ,0.0319 ,5.3210 ,5.0551 ,6.0858 
400,0,10.0 ,2.000,0.000,0.050,0.3227 ,-0.0063 ,0.0092 ,0.1473 ,0.1852 ,0.0883 ,0.0319 ,5.2885 ,5.0768 ,6.0954 
400,0,13.0 ,2.000,0.000,0.065,0.3211 ,0.0290 ,-0.0097 ,0.1613 ,0.1900 ,0.1026 ,0.0363 ,5.3816 ,5.7388 ,5.4960 
400,0,25.0 ,2.000,0.000,0.125,0.4016 ,0.0086 ,-0.0080 ,0.1646 ,0.1985 ,0.1359 ,0.0425 ,5.3385 ,5.0214 ,6.0734 
400,0,50.0 ,2.000,0.000,0.250,0.4992 ,0.0172 ,-0.0383 ,0.1913 ,0.2229 ,0.1587 ,0.0557 ,5.3743 ,5.7109 ,5.5097 
400,0,100.0 ,2.000,0.000,0.500,0.6478 ,0.0121 ,-0.0543 ,0.2141 ,0.2228 ,0.1864 ,0.0651 ,5.3592 ,5.7159 ,5.5141 
400,0,150.0 ,2.000,0.000,0.750,0.7132 ,0.0159 ,-0.0434 ,0.2113 ,0.1994 ,0.1767 ,0.0578 ,5.3398 ,5.0567 ,6.0963 
400,0,175.0 ,2.000,0.000,0.875,0.8330 ,0.0122 ,-0.0407 ,0.2206 ,0.1936 ,0.1667 ,0.0570 ,5.3220 ,5.0482 ,6.1135 
400,0,190.0 ,2.000,0.000,0.950,0.8859 ,0.0094 ,-0.0410 ,0.2250 ,0.1810 ,0.1562 ,0.0539 ,5.3455 ,5.0466 ,6.1153 
400,0,200.0 ,2.000,0.000,1.000,0.8808 ,0.0052 ,-0.0311 ,0.2238 ,0.1747 ,0.1596 ,0.0530 ,5.3424 ,5.0334 ,6.0932 
400,0,210.0 ,2.000,0.000,1.050,0.9168 ,0.0036 ,-0.0283 ,0.2314 ,0.1692 ,0.1461 ,0.0518 ,5.3313 ,5.0094 ,6.1018 
400,0,225.0 ,2.000,0.000,1.125,0.9723 ,0.0060 ,-0.0234 ,0.2114 ,0.1641 ,0.1384 ,0.0454 ,5.3732 ,4.9999 ,6.0971 
400,0,250.0 ,2.000,0.000,1.250,1.0452 ,-0.0039 ,-0.0153 ,0.2064 ,0.1525 ,0.1220 ,0.0404 ,5.3495 ,5.0322 ,6.1116 
400,0,300.0 ,2.000,0.000,1.500,1.1197 ,-0.0043 ,-0.0062 ,0.1913 ,0.1273 ,0.1187 ,0.0334 ,5.3354 ,4.9914 ,6.1433 
-150,0,100,-0.750,0.000,0.500,0.47,-0.01,-0.08,0.173,0.148,0.122,0.033,5.24,5.80,5.25
-150,25,100,-0.750,0.125,0.500,0.53,0.11,-0.10,0.178,0.153,0.120,0.035,5.28,5.77,5.21
-150,40,100,-0.750,0.200,0.500,0.60,0.17,-0.10,0.190,0.164,0.120,0.039,5.29,5.77,5.26
-150,50,100,-0.750,0.250,0.500,0.66,0.20,-0.11,0.195,0.165,0.121,0.040,5.26,5.77,5.25
-150,60,100,-0.750,0.300,0.500,0.71,0.22,-0.10,0.187,0.166,0.120,0.038,5.26,5.80,5.23
-150,75,100,-0.750,0.375,0.500,0.76,0.23,-0.08,0.211,0.171,0.120,0.044,5.30,5.73,5.25
-150,100,100,-0.750,0.500,0.500,0.86,0.19,-0.07,0.214,0.172,0.117,0.045,5.28,5.83,5.24
-150,125,100,-0.750,0.625,0.500,0.92,0.16,-0.06,0.227,0.178,0.116,0.048,5.29,5.76,5.24
-150,150,100,-0.750,0.750,0.500,0.91,0.13,-0.04,0.220,0.169,0.121,0.046,5.28,5.77,5.26
-150,200,100,-0.750,1.000,0.500,0.96,0.09,-0.03,0.214,0.166,0.118,0.044,5.27,5.79,5.26
-125,0,100,-0.625,0.000,0.500,0.23,-0.01,-0.15,0.142,0.159,0.144,0.033,5.26,5.80,5.26
-125,25,100,-0.625,0.125,0.500,0.33,0.20,-0.18,0.147,0.167,0.138,0.034,5.30,5.81,5.24
-125,40,100,-0.625,0.200,0.500,0.45,0.34,-0.19,0.157,0.168,0.133,0.035,5.29,5.83,5.26
-125,50,100,-0.625,0.250,0.500,0.56,0.37,-0.18,0.177,0.185,0.133,0.042,5.28,5.78,5.24
-125,60,100,-0.625,0.300,0.500,0.66,0.37,-0.17,0.186,0.186,0.133,0.043,5.26,5.78,5.25
-125,75,100,-0.625,0.375,0.500,0.78,0.36,-0.13,0.207,0.191,0.132,0.048,5.29,5.79,5.26
-125,100,100,-0.625,0.500,0.500,0.94,0.26,-0.08,0.217,0.176,0.123,0.047,5.25,5.79,5.24
-125,125,100,-0.625,0.625,0.500,0.94,0.18,-0.06,0.222,0.172,0.118,0.046,5.27,5.78,5.25
-125,150,100,-0.625,0.750,0.500,0.94,0.14,-0.05,0.214,0.173,0.118,0.045,5.30,5.75,5.26
-125,200,100,-0.625,1.000,0.500,0.93,0.10,-0.03,0.214,0.167,0.124,0.045,5.27,5.77,5.22
-110,0,100,-0.550,0.000,0.500,0.05,-0.02,-0.22,0.120,0.179,0.182,0.040,5.26,5.78,5.25
-110,25,100,-0.550,0.125,0.500,0.12,0.26,-0.25,0.122,0.183,0.186,0.041,5.31,5.81,5.24
-110,40,100,-0.550,0.200,0.500,0.25,0.51,-0.28,0.141,0.193,0.176,0.044,5.25,5.77,5.24
-110,50,100,-0.550,0.250,0.500,0.44,0.64,-0.29,0.164,0.214,0.178,0.052,5.29,5.79,5.25
-110,60,100,-0.550,0.300,0.500,0.69,0.62,-0.25,0.198,0.229,0.164,0.059,5.26,5.76,5.26
-110,75,100,-0.550,0.375,0.500,0.87,0.46,-0.17,0.209,0.209,0.142,0.054,5.30,5.77,5.27
-110,100,100,-0.550,0.500,0.500,0.95,0.28,-0.11,0.212,0.192,0.125,0.049,5.31,5.77,5.25
-110,125,100,-0.550,0.625,0.500,0.96,0.19,-0.06,0.223,0.183,0.122,0.049,5.28,5.75,5.26
-110,150,100,-0.550,0.750,0.500,0.95,0.14,-0.04,0.222,0.169,0.121,0.046,5.30,5.78,5.26
-110,200,100,-0.550,1.000,0.500,0.95,0.10,-0.02,0.217,0.162,0.120,0.044,5.28,5.77,5.25
-100,60,100,-0.500,0.300,0.500,0.83,0.78,-0.32,0.242,0.249,0.215,0.083,5.32,5.77,5.22
-100,75,100,-0.500,0.375,0.500,0.97,0.50,-0.19,0.217,0.242,0.151,0.064,5.27,5.75,5.26
-100,100,100,-0.500,0.500,0.500,0.98,0.29,-0.11,0.216,0.199,0.129,0.052,5.32,5.77,5.25
-100,125,100,-0.500,0.625,0.500,0.98,0.19,-0.06,0.204,0.185,0.123,0.045,5.31,5.76,5.26
-100,150,100,-0.500,0.750,0.500,0.97,0.14,-0.04,0.221,0.171,0.121,0.046,5.33,5.76,5.24
-100,200,100,-0.500,1.000,0.500,0.97,0.09,-0.02,0.225,0.162,0.123,0.046,5.29,5.75,5.25
-75,60,100,-0.375,0.300,0.500,0.08,0.06,0.05,0.463,0.185,0.208,0.146,5.27,5.79,5.28
-75,75,100,-0.375,0.375,0.500,1.03,0.30,-0.11,0.401,0.205,0.199,0.121,5.29,5.76,5.27
-75,100,100,-0.375,0.500,0.500,1.11,0.27,-0.11,0.223,0.214,0.139,0.057,5.31,5.77,5.27
-75,125,100,-0.375,0.625,0.500,1.04,0.16,-0.06,0.216,0.187,0.125,0.049,5.28,5.76,5.24
-75,150,100,-0.375,0.750,0.500,1.03,0.12,-0.04,0.200,0.167,0.120,0.041,5.32,5.77,5.26
-75,200,100,-0.375,1.000,0.500,1.00,0.08,-0.02,0.216,0.162,0.121,0.044,5.29,5.76,5.26
-50,60,100,-0.250,0.300,0.500,0.00,-0.01,0.06,0.484,0.224,0.233,0.170,5.28,5.76,5.24
-50,75,100,-0.250,0.375,0.500,0.65,0.04,-0.04,0.563,0.214,0.225,0.207,5.33,5.80,5.28
-50,100,100,-0.250,0.500,0.500,1.14,0.18,-0.09,0.262,0.207,0.150,0.067,5.30,5.78,5.26
-50,125,100,-0.250,0.625,0.500,1.06,0.13,-0.06,0.221,0.185,0.126,0.049,5.30,5.76,5.24
-50,150,100,-0.250,0.750,0.500,1.05,0.11,-0.03,0.205,0.173,0.124,0.044,5.32,5.75,5.27
-50,200,100,-0.250,1.000,0.500,1.02,0.07,-0.01,0.212,0.161,0.120,0.043,5.29,5.77,5.26
-25,60,100,-0.125,0.300,0.500,0.06,-0.03,0.04,0.467,0.228,0.261,0.169,5.32,5.78,5.25
-25,75,100,-0.125,0.375,0.500,0.44,-0.04,0.00,0.579,0.248,0.233,0.226,5.32,5.77,5.27
-25,100,100,-0.125,0.500,0.500,1.02,0.06,-0.05,0.350,0.191,0.170,0.094,5.32,5.77,5.27
-25,125,100,-0.125,0.625,0.500,1.08,0.08,-0.05,0.220,0.187,0.133,0.051,5.30,5.75,5.27
-25,150,100,-0.125,0.750,0.500,1.05,0.06,-0.03,0.208,0.168,0.122,0.043,5.31,5.75,5.27
-25,200,100,-0.125,1.000,0.500,0.98,0.06,-0.02,0.197,0.164,0.117,0.040,5.33,5.77,5.26
0,60,100,0.000,0.300,0.500,0.19,0.07,-0.01,0.491,0.277,0.276,0.197,5.33,5.78,5.25
0,75,100,0.000,0.375,0.500,0.45,-0.01,0.01,0.547,0.285,0.235,0.218,5.29,5.74,5.26
0,100,100,0.000,0.500,0.500,0.91,0.00,-0.03,0.385,0.210,0.191,0.114,5.34,5.78,5.25
0,125,100,0.000,0.625,0.500,1.08,0.04,-0.04,0.243,0.189,0.145,0.058,5.30,5.76,5.27
0,150,100,0.000,0.750,0.500,1.05,0.04,-0.02,0.209,0.167,0.125,0.044,5.32,5.78,5.28
0,200,100,0.000,1.000,0.500,0.99,0.04,-0.01,0.201,0.160,0.119,0.040,5.33,5.75,5.29
10,0,100,0.050,0.000,0.500,-0.06,0.05,0.13,0.119,0.169,0.146,0.032,5.34,5.80,5.25
10,25,100,0.050,0.125,0.500,-0.02,0.15,0.11,0.119,0.158,0.152,0.031,5.32,5.78,5.30
10,40,100,0.050,0.200,0.500,0.01,0.18,0.12,0.129,0.162,0.167,0.035,5.32,5.79,5.26
10,50,100,0.050,0.250,0.500,0.15,0.09,0.08,0.283,0.226,0.187,0.083,5.31,5.75,5.28
10,60,100,0.050,0.300,0.500,0.29,0.06,0.03,0.437,0.264,0.251,0.162,5.30,5.77,5.27
10,75,100,0.050,0.375,0.500,0.52,-0.01,-0.01,0.509,0.287,0.241,0.200,5.33,5.77,5.29
10,100,100,0.050,0.500,0.500,0.96,-0.02,-0.03,0.389,0.205,0.194,0.116,5.32,5.73,5.27
10,125,100,0.050,0.625,0.500,1.07,0.02,-0.03,0.251,0.178,0.146,0.058,5.30,5.77,5.27
10,150,100,0.050,0.750,0.500,1.06,0.03,-0.02,0.212,0.168,0.123,0.044,5.33,5.77,5.27
10,200,100,0.050,1.000,0.500,1.02,0.03,-0.01,0.202,0.156,0.122,0.040,5.33,5.77,5.27
25,0,100,0.125,0.000,0.500,-0.16,0.04,0.11,0.158,0.190,0.150,0.042,5.32,5.77,5.28
25,25,100,0.125,0.125,0.500,-0.09,0.12,0.08,0.166,0.175,0.165,0.043,5.35,5.77,5.30
25,40,100,0.125,0.200,0.500,0.03,0.08,0.09,0.201,0.209,0.177,0.058,5.34,5.78,5.28
25,50,100,0.125,0.250,0.500,0.21,0.03,0.07,0.359,0.230,0.206,0.112,5.35,5.79,5.27
25,60,100,0.125,0.300,0.500,0.36,0.01,0.04,0.439,0.248,0.251,0.159,5.32,5.77,5.26
25,75,100,0.125,0.375,0.500,0.55,-0.03,0.00,0.480,0.257,0.232,0.175,5.33,5.75,5.29
25,100,100,0.125,0.500,0.500,0.86,-0.04,-0.03,0.413,0.210,0.196,0.126,5.37,5.76,5.27
25,125,100,0.125,0.625,0.500,1.07,0.00,-0.03,0.256,0.187,0.147,0.061,5.33,5.74,5.28
25,150,100,0.125,0.750,0.500,1.05,0.02,-0.01,0.221,0.161,0.130,0.046,5.32,5.75,5.25
25,200,100,0.125,1.000,0.500,1.03,0.03,0.00,0.219,0.154,0.124,0.044,5.30,5.77,5.25
50,0,100,0.250,0.000,0.500,-0.23,0.03,0.05,0.193,0.219,0.184,0.059,5.35,5.78,5.26
50,25,100,0.250,0.125,0.500,-0.10,0.00,0.07,0.224,0.244,0.194,0.074,5.32,5.75,5.30
50,40,100,0.250,0.200,0.500,0.08,-0.04,0.06,0.287,0.252,0.215,0.096,5.32,5.74,5.32
50,50,100,0.250,0.250,0.500,0.25,-0.06,0.06,0.385,0.244,0.237,0.132,5.33,5.77,5.30
50,60,100,0.250,0.300,0.500,0.40,-0.08,0.04,0.451,0.251,0.236,0.161,5.32,5.74,5.31
50,75,100,0.250,0.375,0.500,0.59,-0.08,-0.01,0.437,0.241,0.243,0.154,5.35,5.75,5.28
50,100,100,0.250,0.500,0.500,0.86,-0.06,-0.02,0.377,0.218,0.194,0.114,5.34,5.77,5.31
50,125,100,0.250,0.625,0.500,1.01,-0.04,-0.02,0.282,0.174,0.150,0.066,5.33,5.73,5.32
50,150,100,0.250,0.750,0.500,1.03,-0.01,-0.01,0.222,0.164,0.124,0.046,5.35,5.75,5.28
50,200,100,0.250,1.000,0.500,0.99,0.01,0.00,0.209,0.157,0.124,0.042,5.33,5.75,5.33
75,0,100,0.375,0.000,0.500,-0.18,0.03,0.02,0.194,0.264,0.213,0.076,5.34,5.76,5.29
75,25,100,0.375,0.125,0.500,-0.05,-0.06,0.03,0.252,0.267,0.228,0.094,5.33,5.75,5.31
75,40,100,0.375,0.200,0.500,0.12,-0.10,0.05,0.335,0.256,0.243,0.118,5.35,5.76,5.28
75,50,100,0.375,0.250,0.500,0.31,-0.12,0.03,0.413,0.248,0.248,0.147,5.32,5.75,5.30
75,60,100,0.375,0.300,0.500,0.44,-0.12,0.02,0.423,0.240,0.245,0.148,5.35,5.76,5.30
75,75,100,0.375,0.375,0.500,0.64,-0.11,-0.01,0.433,0.228,0.233,0.147,5.33,5.76,5.29
75,100,100,0.375,0.500,0.500,0.84,-0.10,-0.01,0.388,0.194,0.195,0.113,5.33,5.74,5.30
75,125,100,0.375,0.625,0.500,0.98,-0.06,-0.01,0.279,0.174,0.153,0.066,5.31,5.75,5.27
75,150,100,0.375,0.750,0.500,1.03,-0.04,-0.01,0.227,0.154,0.128,0.046,5.35,5.77,5.29
75,200,100,0.375,1.000,0.500,1.01,-0.01,0.00,0.204,0.156,0.121,0.040,5.34,5.74,5.29
100,0,100,0.500,0.000,0.500,-0.09,0.01,-0.01,0.198,0.295,0.233,0.090,5.35,5.75,5.30
100,25,100,0.500,0.125,0.500,0.04,-0.08,0.01,0.269,0.298,0.235,0.108,5.32,5.74,5.31
100,40,100,0.500,0.200,0.500,0.21,-0.12,0.01,0.349,0.266,0.244,0.126,5.35,5.77,5.30
100,50,100,0.500,0.250,0.500,0.36,-0.13,0.01,0.386,0.256,0.252,0.139,5.36,5.77,5.30
100,60,100,0.500,0.300,0.500,0.45,-0.14,0.01,0.429,0.249,0.250,0.155,5.33,5.76,5.27
100,75,100,0.500,0.375,0.500,0.61,-0.14,-0.01,0.421,0.233,0.230,0.142,5.34,5.77,5.29
100,100,100,0.500,0.500,0.500,0.84,-0.11,-0.01,0.365,0.197,0.188,0.104,5.35,5.73,5.29
100,125,100,0.500,0.625,0.500,0.95,-0.08,-0.01,0.261,0.175,0.150,0.061,5.34,5.76,5.32
100,150,100,0.500,0.750,0.500,1.02,-0.04,-0.01,0.242,0.156,0.135,0.051,5.35,5.76,5.32
100,200,100,0.500,1.000,0.500,1.02,-0.01,0.00,0.215,0.151,0.119,0.042,5.35,5.77,5.32
150,0,100,0.750,0.000,0.500,0.13,0.00,-0.05,0.214,0.325,0.249,0.107,5.37,5.74,5.32
150,25,100,0.750,0.125,0.500,0.22,-0.08,-0.05,0.271,0.309,0.251,0.116,5.36,5.73,5.34
150,40,100,0.750,0.200,0.500,0.33,-0.10,-0.04,0.332,0.295,0.248,0.129,5.35,5.75,5.29
150,50,100,0.750,0.250,0.500,0.44,-0.12,-0.02,0.366,0.265,0.235,0.130,5.34,5.73,5.30
150,60,100,0.750,0.300,0.500,0.50,-0.13,-0.02,0.372,0.243,0.228,0.125,5.32,5.74,5.30
150,75,100,0.750,0.375,0.500,0.64,-0.13,-0.01,0.352,0.226,0.213,0.111,5.35,5.75,5.32
150,100,100,0.750,0.500,0.500,0.81,-0.10,-0.01,0.328,0.192,0.187,0.090,5.37,5.76,5.32
150,125,100,0.750,0.625,0.500,0.89,-0.08,0.00,0.282,0.163,0.153,0.065,5.35,5.75,5.30
150,150,100,0.750,0.750,0.500,0.99,-0.06,0.00,0.244,0.155,0.137,0.051,5.35,5.77,5.31
150,200,100,0.750,1.000,0.500,0.99,-0.02,0.00,0.218,0.155,0.123,0.043,5.32,5.76,5.29
200,0,100,1.000,0.000,0.500,0.32,0.00,-0.09,0.215,0.315,0.236,0.101,5.32,5.76,5.30
200,25,100,1.000,0.125,0.500,0.38,-0.07,-0.06,0.261,0.297,0.245,0.108,5.36,5.74,5.33
200,40,100,1.000,0.200,0.500,0.47,-0.08,-0.05,0.304,0.273,0.229,0.110,5.35,5.72,5.31
200,50,100,1.000,0.250,0.500,0.53,-0.10,-0.04,0.315,0.253,0.228,0.108,5.35,5.74,5.30
200,60,100,1.000,0.300,0.500,0.56,-0.09,-0.04,0.316,0.243,0.227,0.105,5.35,5.75,5.32
200,75,100,1.000,0.375,0.500,0.65,-0.10,-0.03,0.319,0.219,0.203,0.095,5.36,5.77,5.35
200,100,100,1.000,0.500,0.500,0.81,-0.08,-0.02,0.292,0.195,0.184,0.079,5.34,5.77,5.33
200,125,100,1.000,0.625,0.500,0.86,-0.07,-0.01,0.276,0.165,0.157,0.064,5.35,5.75,5.30
200,150,100,1.000,0.750,0.500,0.91,-0.06,-0.01,0.244,0.154,0.135,0.051,5.37,5.75,5.33
200,200,100,1.000,1.000,0.500,0.96,-0.02,0.00,0.214,0.150,0.120,0.041,5.36,5.77,5.31
250,0,100,1.250,0.000,0.500,0.47,0.00,-0.09,0.221,0.296,0.223,0.093,5.40,5.72,5.36
250,25,100,1.250,0.125,0.500,0.51,-0.04,-0.07,0.241,0.283,0.222,0.094,5.36,5.74,5.35
250,40,100,1.250,0.200,0.500,0.56,-0.06,-0.07,0.272,0.260,0.219,0.095,5.36,5.75,5.32
250,50,100,1.250,0.250,0.500,0.60,-0.05,-0.07,0.283,0.253,0.221,0.096,5.35,5.74,5.34
250,60,100,1.250,0.300,0.500,0.64,-0.07,-0.05,0.297,0.238,0.204,0.093,5.35,5.74,5.33
250,75,100,1.250,0.375,0.500,0.71,-0.07,-0.04,0.300,0.214,0.194,0.087,5.36,5.75,5.32
250,100,100,1.250,0.500,0.500,0.83,-0.07,-0.03,0.282,0.190,0.174,0.073,5.37,5.75,5.34
250,125,100,1.250,0.625,0.500,0.89,-0.05,-0.01,0.266,0.165,0.154,0.061,5.34,5.71,5.33
250,150,100,1.250,0.750,0.500,0.94,-0.04,-0.01,0.233,0.157,0.135,0.049,5.35,5.71,5.34
250,200,100,1.250,1.000,0.500,0.99,-0.03,0.00,0.219,0.146,0.126,0.043,5.36,5.76,5.33
300,0,100,1.500,0.000,0.500,0.55,0.00,-0.09,0.218,0.273,0.213,0.084,5.37,5.74,5.34
300,25,100,1.500,0.125,0.500,0.59,-0.02,-0.08,0.240,0.262,0.208,0.085,5.36,5.74,5.33
300,40,100,1.500,0.200,0.500,0.64,-0.04,-0.07,0.252,0.242,0.206,0.082,5.37,5.72,5.36
300,50,100,1.500,0.250,0.500,0.67,-0.05,-0.06,0.266,0.235,0.200,0.083,5.37,5.76,5.32
300,60,100,1.500,0.300,0.500,0.67,-0.04,-0.05,0.263,0.231,0.187,0.079,5.36,5.72,5.36
300,75,100,1.500,0.375,0.500,0.73,-0.06,-0.05,0.268,0.205,0.179,0.073,5.37,5.75,5.41
300,100,100,1.500,0.500,0.500,0.85,-0.05,-0.03,0.275,0.183,0.170,0.069,5.34,5.73,5.45
300,125,100,1.500,0.625,0.500,0.88,-0.05,-0.02,0.256,0.169,0.151,0.059,5.37,5.70,5.46
300,150,100,1.500,0.750,0.500,0.94,-0.04,-0.01,0.226,0.155,0.137,0.047,5.37,5.73,5.46
300,200,100,1.500,1.000,0.500,0.97,-0.02,0.00,0.221,0.146,0.125,0.043,5.35,5.72,5.46
400,0,100,2.000,0.000,0.500,0.65,-0.01,-0.05,0.214,0.223,0.186,0.065,5.36,5.72,5.51
400,25,100,2.000,0.125,0.500,0.68,-0.03,-0.05,0.217,0.223,0.177,0.064,5.35,5.70,5.53
400,40,100,2.000,0.200,0.500,0.71,-0.04,-0.05,0.232,0.212,0.180,0.066,5.38,5.73,5.48
400,50,100,2.000,0.250,0.500,0.71,-0.02,-0.04,0.236,0.212,0.179,0.066,5.37,5.72,5.51
400,60,100,2.000,0.300,0.500,0.74,-0.03,-0.03,0.234,0.204,0.177,0.064,5.37,5.73,5.51
400,75,100,2.000,0.375,0.500,0.77,-0.03,-0.04,0.247,0.189,0.167,0.062,5.38,5.75,5.49
400,100,100,2.000,0.500,0.500,0.82,-0.03,-0.02,0.239,0.179,0.156,0.057,5.37,5.73,5.49
400,125,100,2.000,0.625,0.500,0.87,-0.02,-0.01,0.242,0.169,0.147,0.054,5.35,5.74,5.46
400,150,100,2.000,0.750,0.500,0.93,-0.02,-0.01,0.244,0.150,0.137,0.050,5.33,5.72,5.48
400,200,100,2.000,1.000,0.500,0.98,-0.01,0.01,0.212,0.145,0.129,0.041,5.36,5.75,5.46
-150,0,50,-0.750,0.000,0.250,0.36,0.00,-0.11,0.175,0.146,0.121,0.033,5.29,5.80,5.24
-150,25,50,-0.750,0.125,0.250,0.43,0.10,-0.13,0.175,0.159,0.117,0.035,5.29,5.77,5.24
-150,40,50,-0.750,0.200,0.250,0.50,0.16,-0.12,0.189,0.166,0.118,0.039,5.27,5.80,5.23
-150,50,50,-0.750,0.250,0.250,0.53,0.20,-0.12,0.185,0.167,0.123,0.039,5.27,5.76,5.25
-150,60,50,-0.750,0.300,0.250,0.59,0.21,-0.11,0.195,0.176,0.118,0.041,5.26,5.80,5.24
-150,75,50,-0.750,0.375,0.250,0.64,0.22,-0.09,0.209,0.176,0.119,0.044,5.28,5.76,5.26
-150,100,50,-0.750,0.500,0.250,0.72,0.20,-0.07,0.204,0.177,0.116,0.043,5.27,5.76,5.24
-150,125,50,-0.750,0.625,0.250,0.77,0.17,-0.05,0.199,0.175,0.118,0.042,5.25,5.78,5.23
-150,150,50,-0.750,0.750,0.250,0.77,0.16,-0.04,0.203,0.175,0.115,0.043,5.29,5.80,5.26
-150,200,50,-0.750,1.000,0.250,0.78,0.11,-0.03,0.204,0.167,0.112,0.041,5.23,5.80,5.26
-125,0,50,-0.625,0.000,0.250,0.16,-0.02,-0.23,0.149,0.151,0.138,0.032,5.26,5.79,5.28
-125,25,50,-0.625,0.125,0.250,0.26,0.18,-0.25,0.154,0.176,0.136,0.037,5.28,5.78,5.24
-125,40,50,-0.625,0.200,0.250,0.36,0.32,-0.24,0.163,0.182,0.140,0.040,5.29,5.81,5.25
-125,50,50,-0.625,0.250,0.250,0.46,0.36,-0.24,0.172,0.196,0.143,0.044,5.30,5.80,5.25
-125,60,50,-0.625,0.300,0.250,0.58,0.38,-0.22,0.182,0.188,0.142,0.044,5.27,5.80,5.22
-125,75,50,-0.625,0.375,0.250,0.71,0.32,-0.18,0.200,0.199,0.127,0.048,5.29,5.76,5.25
-125,100,50,-0.625,0.500,0.250,0.79,0.25,-0.10,0.213,0.180,0.123,0.046,5.27,5.77,5.23
-125,125,50,-0.625,0.625,0.250,0.81,0.20,-0.05,0.206,0.179,0.120,0.044,5.28,5.76,5.23
-125,150,50,-0.625,0.750,0.250,0.82,0.16,-0.04,0.204,0.175,0.115,0.043,5.28,5.79,5.24
-125,200,50,-0.625,1.000,0.250,0.79,0.11,-0.03,0.206,0.174,0.115,0.043,5.28,5.80,5.23
-110,0,50,-0.550,0.000,0.250,0.01,-0.03,-0.31,0.129,0.171,0.163,0.036,5.28,5.78,5.25
-110,25,50,-0.550,0.125,0.250,0.06,0.25,-0.37,0.123,0.190,0.175,0.041,5.29,5.77,5.26
-110,40,50,-0.550,0.200,0.250,0.17,0.49,-0.38,0.145,0.189,0.184,0.045,5.29,5.79,5.24
-110,50,50,-0.550,0.250,0.250,0.37,0.62,-0.38,0.176,0.219,0.181,0.056,5.28,5.78,5.25
-110,60,50,-0.550,0.300,0.250,0.61,0.56,-0.33,0.196,0.229,0.176,0.061,5.33,5.79,5.25
-110,75,50,-0.550,0.375,0.250,0.76,0.43,-0.23,0.197,0.217,0.153,0.055,5.28,5.76,5.25
-110,100,50,-0.550,0.500,0.250,0.84,0.27,-0.12,0.199,0.195,0.130,0.047,5.29,5.79,5.25
-110,125,50,-0.550,0.625,0.250,0.84,0.21,-0.06,0.205,0.180,0.119,0.044,5.30,5.77,5.25
-110,150,50,-0.550,0.750,0.250,0.83,0.16,-0.04,0.197,0.176,0.116,0.042,5.26,5.78,5.26
-110,200,50,-0.550,1.000,0.250,0.82,0.13,-0.03,0.199,0.172,0.114,0.041,5.30,5.79,5.24
-100,60,50,-0.500,0.300,0.250,0.72,0.71,-0.43,0.227,0.263,0.223,0.085,5.29,5.77,5.25
-100,75,50,-0.500,0.375,0.250,0.83,0.47,-0.27,0.209,0.240,0.170,0.065,5.29,5.79,5.25
-100,100,50,-0.500,0.500,0.250,0.88,0.26,-0.14,0.206,0.200,0.134,0.050,5.29,5.77,5.27
-100,125,50,-0.500,0.625,0.250,0.89,0.20,-0.07,0.203,0.195,0.121,0.047,5.28,5.79,5.25
-100,150,50,-0.500,0.750,0.250,0.86,0.16,-0.03,0.200,0.176,0.120,0.043,5.31,5.76,5.23
-100,200,50,-0.500,1.000,0.250,0.82,0.11,-0.02,0.198,0.175,0.113,0.041,5.29,5.77,5.26
-75,60,50,-0.375,0.300,0.250,0.10,0.04,-0.02,0.446,0.184,0.213,0.139,5.28,5.80,5.23
-75,75,50,-0.375,0.375,0.250,0.90,0.25,-0.17,0.380,0.201,0.207,0.114,5.29,5.79,5.24
-75,100,50,-0.375,0.500,0.250,0.98,0.21,-0.14,0.213,0.214,0.154,0.057,5.29,5.78,5.25
-75,125,50,-0.375,0.625,0.250,0.94,0.16,-0.07,0.196,0.182,0.129,0.044,5.27,5.78,5.24
-75,150,50,-0.375,0.750,0.250,0.88,0.13,-0.04,0.196,0.175,0.121,0.042,5.30,5.75,5.24
-75,200,50,-0.375,1.000,0.250,0.86,0.10,-0.02,0.200,0.168,0.116,0.041,5.29,5.77,5.25
-50,60,50,-0.250,0.300,0.250,0.06,-0.02,0.04,0.465,0.217,0.224,0.157,5.30,5.79,5.25
-50,75,50,-0.250,0.375,0.250,0.60,0.00,-0.11,0.493,0.193,0.222,0.165,5.30,5.77,5.27
-50,100,50,-0.250,0.500,0.250,0.98,0.14,-0.13,0.242,0.202,0.164,0.063,5.32,5.77,5.27
-50,125,50,-0.250,0.625,0.250,0.95,0.13,-0.07,0.200,0.194,0.129,0.047,5.30,5.75,5.25
-50,150,50,-0.250,0.750,0.250,0.92,0.10,-0.03,0.195,0.169,0.123,0.041,5.29,5.80,5.24
-50,200,50,-0.250,1.000,0.250,0.87,0.10,-0.01,0.196,0.166,0.119,0.040,5.31,5.77,5.25
-25,60,50,-0.125,0.300,0.250,0.13,-0.05,0.08,0.453,0.210,0.266,0.160,5.33,5.78,5.26
-25,75,50,-0.125,0.375,0.250,0.50,-0.07,-0.05,0.512,0.232,0.222,0.183,5.30,5.78,5.26
-25,100,50,-0.125,0.500,0.250,0.87,0.02,-0.09,0.338,0.176,0.173,0.088,5.33,5.77,5.26
-25,125,50,-0.125,0.625,0.250,0.98,0.07,-0.06,0.212,0.189,0.138,0.050,5.29,5.77,5.24
-25,150,50,-0.125,0.750,0.250,0.92,0.08,-0.04,0.191,0.174,0.124,0.041,5.33,5.79,5.26
-25,200,50,-0.125,1.000,0.250,0.88,0.07,-0.01,0.193,0.169,0.117,0.040,5.31,5.72,5.28
0,60,50,0.000,0.300,0.250,0.27,0.05,0.04,0.464,0.273,0.262,0.179,5.31,5.80,5.25
0,75,50,0.000,0.375,0.250,0.54,-0.05,-0.01,0.480,0.266,0.226,0.176,5.31,5.79,5.24
0,100,50,0.000,0.500,0.250,0.86,-0.03,-0.07,0.356,0.192,0.189,0.100,5.31,5.76,5.27
0,125,50,0.000,0.625,0.250,0.94,0.01,-0.05,0.230,0.179,0.146,0.053,5.33,5.78,5.27
0,150,50,0.000,0.750,0.250,0.93,0.04,-0.02,0.200,0.176,0.125,0.043,5.32,5.78,5.27
0,200,50,0.000,1.000,0.250,0.88,0.06,-0.01,0.203,0.158,0.119,0.040,5.32,5.77,5.28
10,0,50,0.050,0.000,0.250,-0.09,0.04,0.06,0.119,0.195,0.132,0.035,5.30,5.77,5.28
10,25,50,0.050,0.125,0.250,-0.04,0.17,0.03,0.128,0.176,0.138,0.033,5.31,5.76,5.28
10,40,50,0.050,0.200,0.250,0.01,0.18,0.02,0.128,0.157,0.145,0.031,5.32,5.76,5.23
10,50,50,0.050,0.250,0.250,0.15,0.06,0.05,0.285,0.223,0.171,0.080,5.35,5.78,5.22
10,60,50,0.050,0.300,0.250,0.33,0.04,0.04,0.396,0.259,0.229,0.138,5.33,5.80,5.28
10,75,50,0.050,0.375,0.250,0.48,-0.04,-0.01,0.455,0.269,0.216,0.163,5.32,5.78,5.27
10,100,50,0.050,0.500,0.250,0.85,-0.05,-0.05,0.364,0.202,0.188,0.104,5.32,5.75,5.26
10,125,50,0.050,0.625,0.250,0.95,0.01,-0.04,0.254,0.185,0.144,0.060,5.33,5.77,5.27
10,150,50,0.050,0.750,0.250,0.94,0.02,-0.02,0.206,0.166,0.129,0.043,5.33,5.73,5.26
10,200,50,0.050,1.000,0.250,0.89,0.05,0.00,0.188,0.159,0.117,0.037,5.32,5.78,5.26
25,0,50,0.125,0.000,0.250,-0.20,0.04,0.06,0.163,0.209,0.137,0.044,5.34,5.77,5.29
25,25,50,0.125,0.125,0.250,-0.11,0.11,0.03,0.181,0.199,0.147,0.047,5.35,5.75,5.30
25,40,50,0.125,0.200,0.250,0.03,0.08,0.04,0.213,0.206,0.159,0.057,5.34,5.79,5.27
25,50,50,0.125,0.250,0.250,0.22,0.01,0.05,0.359,0.238,0.194,0.112,5.33,5.72,5.28
25,60,50,0.125,0.300,0.250,0.40,-0.01,0.04,0.413,0.253,0.214,0.140,5.34,5.76,5.26
25,75,50,0.125,0.375,0.250,0.54,-0.06,0.00,0.429,0.250,0.209,0.145,5.33,5.77,5.29
25,100,50,0.125,0.500,0.250,0.80,-0.06,-0.03,0.356,0.207,0.181,0.101,5.35,5.76,5.27
25,125,50,0.125,0.625,0.250,0.89,-0.01,-0.04,0.248,0.171,0.149,0.057,5.33,5.75,5.28
25,150,50,0.125,0.750,0.250,0.92,0.00,-0.03,0.209,0.162,0.123,0.043,5.32,5.74,5.28
25,200,50,0.125,1.000,0.250,0.89,0.03,0.00,0.200,0.157,0.121,0.040,5.31,5.76,5.27
50,0,50,0.250,0.000,0.250,-0.27,0.04,0.03,0.184,0.229,0.173,0.058,5.31,5.75,5.29
50,25,50,0.250,0.125,0.250,-0.12,0.01,0.03,0.224,0.242,0.177,0.070,5.36,5.77,5.29
50,40,50,0.250,0.200,0.250,0.08,-0.04,0.05,0.311,0.251,0.194,0.099,5.33,5.75,5.30
50,50,50,0.250,0.250,0.250,0.27,-0.08,0.05,0.397,0.238,0.197,0.127,5.34,5.76,5.30
50,60,50,0.250,0.300,0.250,0.44,-0.08,0.05,0.408,0.237,0.208,0.133,5.34,5.74,5.29
50,75,50,0.250,0.375,0.250,0.57,-0.10,0.01,0.412,0.244,0.201,0.135,5.35,5.76,5.29
50,100,50,0.250,0.500,0.250,0.76,-0.08,-0.01,0.335,0.201,0.174,0.092,5.35,5.74,5.30
50,125,50,0.250,0.625,0.250,0.88,-0.05,-0.02,0.260,0.166,0.153,0.059,5.31,5.78,5.30
50,150,50,0.250,0.750,0.250,0.91,-0.01,-0.01,0.212,0.159,0.133,0.044,5.32,5.77,5.32
50,200,50,0.250,1.000,0.250,0.90,0.03,0.00,0.191,0.154,0.118,0.037,5.29,5.73,5.31
75,0,50,0.375,0.000,0.250,-0.21,0.03,0.03,0.190,0.266,0.190,0.071,5.34,5.79,5.29
75,25,50,0.375,0.125,0.250,-0.07,-0.05,0.04,0.252,0.275,0.195,0.089,5.36,5.76,5.28
75,40,50,0.375,0.200,0.250,0.14,-0.10,0.04,0.346,0.267,0.199,0.115,5.33,5.78,5.30
75,50,50,0.375,0.250,0.250,0.29,-0.12,0.05,0.408,0.244,0.202,0.134,5.35,5.75,5.29
75,60,50,0.375,0.300,0.250,0.43,-0.12,0.04,0.415,0.236,0.206,0.135,5.31,5.76,5.31
75,75,50,0.375,0.375,0.250,0.57,-0.13,0.01,0.402,0.223,0.194,0.125,5.31,5.76,5.32
75,100,50,0.375,0.500,0.250,0.76,-0.10,0.00,0.330,0.193,0.181,0.090,5.34,5.74,5.33
75,125,50,0.375,0.625,0.250,0.87,-0.06,-0.01,0.281,0.167,0.153,0.065,5.32,5.76,5.30
75,150,50,0.375,0.750,0.250,0.88,-0.02,-0.01,0.219,0.163,0.130,0.046,5.35,5.77,5.33
75,200,50,0.375,1.000,0.250,0.88,0.01,0.00,0.193,0.155,0.114,0.037,5.34,5.77,5.28
100,0,50,0.500,0.000,0.250,-0.11,0.02,0.01,0.197,0.278,0.198,0.078,5.35,5.74,5.31
100,25,50,0.500,0.125,0.250,0.02,-0.06,0.02,0.276,0.282,0.203,0.099,5.34,5.75,5.29
100,40,50,0.500,0.200,0.250,0.18,-0.12,0.03,0.336,0.270,0.207,0.115,5.34,5.76,5.29
100,50,50,0.500,0.250,0.250,0.30,-0.12,0.04,0.379,0.251,0.212,0.126,5.33,5.75,5.28
100,60,50,0.500,0.300,0.250,0.39,-0.14,0.03,0.395,0.239,0.210,0.129,5.35,5.74,5.28
100,75,50,0.500,0.375,0.250,0.57,-0.14,0.02,0.393,0.215,0.195,0.119,5.35,5.75,5.29
100,100,50,0.500,0.500,0.250,0.71,-0.11,0.01,0.347,0.193,0.178,0.095,5.35,5.74,5.29
100,125,50,0.500,0.625,0.250,0.82,-0.07,0.00,0.292,0.180,0.148,0.070,5.35,5.74,5.29
100,150,50,0.500,0.750,0.250,0.87,-0.03,-0.01,0.233,0.155,0.136,0.048,5.34,5.74,5.28
100,200,50,0.500,1.000,0.250,0.88,0.01,0.00,0.194,0.155,0.117,0.038,5.35,5.75,5.30
150,0,50,0.750,0.000,0.250,0.08,0.01,-0.02,0.218,0.310,0.215,0.095,5.31,5.75,5.32
150,25,50,0.750,0.125,0.250,0.17,-0.06,-0.01,0.271,0.283,0.207,0.098,5.36,5.78,5.29
150,40,50,0.750,0.200,0.250,0.28,-0.09,0.01,0.326,0.270,0.199,0.109,5.35,5.75,5.32
150,50,50,0.750,0.250,0.250,0.35,-0.11,0.01,0.337,0.252,0.201,0.109,5.34,5.73,5.32
150,60,50,0.750,0.300,0.250,0.44,-0.12,0.01,0.337,0.245,0.196,0.106,5.36,5.73,5.32
150,75,50,0.750,0.375,0.250,0.52,-0.12,0.01,0.365,0.216,0.183,0.107,5.35,5.74,5.32
150,100,50,0.750,0.500,0.250,0.69,-0.09,0.01,0.310,0.189,0.170,0.080,5.34,5.73,5.31
150,125,50,0.750,0.625,0.250,0.77,-0.07,0.00,0.283,0.174,0.149,0.066,5.35,5.73,5.31
150,150,50,0.750,0.750,0.250,0.84,-0.03,0.00,0.229,0.161,0.128,0.047,5.35,5.76,5.28
150,200,50,0.750,1.000,0.250,0.88,0.00,0.00,0.208,0.156,0.117,0.041,5.31,5.75,5.29
200,0,50,1.000,0.000,0.250,0.24,0.01,-0.06,0.209,0.283,0.209,0.084,5.35,5.75,5.30
200,25,50,1.000,0.125,0.250,0.29,-0.04,-0.04,0.243,0.277,0.203,0.088,5.35,5.75,5.31
200,40,50,1.000,0.200,0.250,0.38,-0.06,-0.03,0.278,0.263,0.199,0.093,5.36,5.73,5.32
200,50,50,1.000,0.250,0.250,0.41,-0.08,-0.02,0.295,0.244,0.187,0.091,5.35,5.76,5.32
200,60,50,1.000,0.300,0.250,0.47,-0.08,-0.02,0.313,0.227,0.196,0.094,5.32,5.75,5.32
200,75,50,1.000,0.375,0.250,0.58,-0.09,-0.01,0.329,0.213,0.184,0.094,5.35,5.74,5.34
200,100,50,1.000,0.500,0.250,0.66,-0.07,0.00,0.303,0.191,0.168,0.078,5.36,5.75,5.31
200,125,50,1.000,0.625,0.250,0.76,-0.05,0.00,0.260,0.167,0.146,0.058,5.38,5.76,5.33
200,150,50,1.000,0.750,0.250,0.79,-0.04,0.00,0.228,0.160,0.132,0.047,5.34,5.73,5.32
200,200,50,1.000,1.000,0.250,0.87,0.00,0.00,0.204,0.150,0.115,0.039,5.34,5.76,5.33
250,0,50,1.250,0.000,0.250,0.35,0.00,-0.05,0.213,0.270,0.191,0.077,5.32,5.72,5.33
250,25,50,1.250,0.125,0.250,0.40,-0.03,-0.05,0.227,0.261,0.190,0.078,5.34,5.69,5.33
250,40,50,1.250,0.200,0.250,0.45,-0.04,-0.04,0.251,0.253,0.187,0.081,5.39,5.73,5.34
250,50,50,1.250,0.250,0.250,0.47,-0.05,-0.03,0.268,0.242,0.183,0.082,5.37,5.76,5.33
250,60,50,1.250,0.300,0.250,0.52,-0.05,-0.03,0.277,0.230,0.176,0.080,5.35,5.71,5.34
250,75,50,1.250,0.375,0.250,0.57,-0.06,-0.03,0.274,0.219,0.179,0.077,5.37,5.76,5.31
250,100,50,1.250,0.500,0.250,0.64,-0.06,-0.01,0.271,0.184,0.161,0.067,5.37,5.76,5.31
250,125,50,1.250,0.625,0.250,0.75,-0.04,-0.01,0.260,0.170,0.147,0.059,5.34,5.75,5.33
250,150,50,1.250,0.750,0.250,0.79,-0.03,-0.01,0.255,0.160,0.131,0.054,5.35,5.73,5.31
250,200,50,1.250,1.000,0.250,0.86,0.01,0.01,0.205,0.146,0.118,0.039,5.36,5.75,5.35
300,0,50,1.500,0.000,0.250,0.45,0.00,-0.07,0.204,0.256,0.182,0.070,5.36,5.71,5.32
300,25,50,1.500,0.125,0.250,0.48,-0.01,-0.06,0.225,0.240,0.179,0.070,5.34,5.74,5.31
300,40,50,1.500,0.200,0.250,0.50,-0.02,-0.04,0.230,0.238,0.175,0.070,5.36,5.76,5.32
300,50,50,1.500,0.250,0.250,0.55,-0.03,-0.05,0.243,0.226,0.175,0.070,5.34,5.74,5.36
300,60,50,1.500,0.300,0.250,0.57,-0.03,-0.04,0.257,0.221,0.172,0.072,5.35,5.73,5.38
300,75,50,1.500,0.375,0.250,0.61,-0.04,-0.03,0.262,0.202,0.157,0.067,5.35,5.74,5.41
300,100,50,1.500,0.500,0.250,0.65,-0.04,-0.02,0.261,0.187,0.153,0.063,5.37,5.71,5.45
300,125,50,1.500,0.625,0.250,0.72,-0.02,-0.01,0.252,0.175,0.141,0.057,5.36,5.71,5.45
300,150,50,1.500,0.750,0.250,0.79,-0.03,0.00,0.230,0.154,0.128,0.047,5.41,5.72,5.46
300,200,50,1.500,1.000,0.250,0.86,0.01,0.01,0.208,0.145,0.119,0.039,5.37,5.76,5.47
400,0,50,2.000,0.000,0.250,0.50,-0.02,-0.04,0.191,0.223,0.159,0.056,5.37,5.71,5.51
400,25,50,2.000,0.125,0.250,0.53,-0.02,-0.04,0.199,0.227,0.165,0.059,5.39,5.72,5.49
400,40,50,2.000,0.200,0.250,0.53,-0.01,-0.05,0.198,0.217,0.163,0.057,5.38,5.71,5.53
400,50,50,2.000,0.250,0.250,0.55,-0.01,-0.03,0.208,0.209,0.156,0.056,5.39,5.72,5.50
400,60,50,2.000,0.300,0.250,0.57,-0.02,-0.03,0.211,0.201,0.153,0.054,5.37,5.73,5.50
400,75,50,2.000,0.375,0.250,0.64,-0.02,-0.03,0.237,0.195,0.151,0.058,5.35,5.73,5.51
400,100,50,2.000,0.500,0.250,0.67,-0.01,-0.02,0.224,0.188,0.142,0.053,5.39,5.74,5.49
400,125,50,2.000,0.625,0.250,0.74,-0.01,-0.01,0.238,0.170,0.133,0.052,5.36,5.73,5.50
400,150,50,2.000,0.750,0.250,0.77,-0.01,0.00,0.245,0.164,0.124,0.051,5.38,5.75,5.48
400,200,50,2.000,1.000,0.250,0.83,0.01,0.00,0.213,0.156,0.114,0.041,5.36,5.75,5.50
-200,-200,12.5,-1.0000,-1.0000,0.0625,0.4986 ,-0.1594 ,0.0565 ,0.1612 ,0.1703 ,0.0707 ,0.0300 ,5.3064 ,5.6742 ,6.0867 
-200,-150,12.5,-1.0000,-0.7500,0.0625,0.4727 ,-0.1957 ,0.0504 ,0.1680 ,0.1829 ,0.0745 ,0.0336 ,5.3022 ,5.6831 ,6.1032 
-200,-125,12.5,-1.0000,-0.6250,0.0625,0.4160 ,-0.2218 ,0.0559 ,0.1845 ,0.1795 ,0.0756 ,0.0360 ,5.3339 ,5.6633 ,6.0775 
-200,-100,12.5,-1.0000,-0.5000,0.0625,0.3863 ,-0.2185 ,0.0508 ,0.1736 ,0.1777 ,0.0778 ,0.0339 ,5.2927 ,5.6758 ,6.0783 
-200,-75,12.5,-1.0000,-0.3750,0.0625,0.3413 ,-0.1980 ,0.0503 ,0.1850 ,0.1731 ,0.0841 ,0.0356 ,5.3137 ,5.6912 ,6.0986 
-200,-60,12.5,-1.0000,-0.3000,0.0625,0.3202 ,-0.1727 ,0.0471 ,0.1896 ,0.1687 ,0.0912 ,0.0364 ,5.3008 ,5.6868 ,6.0562 
-200,-50,12.5,-1.0000,-0.2500,0.0625,0.2945 ,-0.1488 ,0.0391 ,0.1769 ,0.1649 ,0.0903 ,0.0333 ,5.3286 ,5.6564 ,6.0991 
-200,-40,12.5,-1.0000,-0.2000,0.0625,0.2966 ,-0.1339 ,0.0284 ,0.1813 ,0.1587 ,0.0887 ,0.0330 ,5.2836 ,5.7173 ,6.0951 
-200,-25,12.5,-1.0000,-0.1250,0.0625,0.2734 ,-0.1019 ,0.0175 ,0.1800 ,0.1591 ,0.0835 ,0.0323 ,5.3020 ,5.6542 ,6.0973 
-200,0,12.5,-1.0000,0.0000,0.0625,0.2765 ,-0.0021 ,-0.0322 ,0.1798 ,0.1531 ,0.0820 ,0.0313 ,5.2540 ,5.7785 ,5.2455 
-200,25,12.5,-1.0000,0.1250,0.0625,0.2897 ,0.0569 ,-0.0489 ,0.1875 ,0.1528 ,0.0836 ,0.0328 ,5.2656 ,5.8095 ,5.2144 
-200,40,12.5,-1.0000,0.2000,0.0625,0.3268 ,0.1102 ,-0.0557 ,0.1886 ,0.1698 ,0.0877 ,0.0360 ,5.2549 ,5.7620 ,5.2292 
-200,50,12.5,-1.0000,0.2500,0.0625,0.3422 ,0.1190 ,-0.0568 ,0.1829 ,0.1770 ,0.0907 ,0.0365 ,5.2717 ,5.7673 ,5.2532 
-200,60,12.5,-1.0000,0.3000,0.0625,0.3516 ,0.1548 ,-0.0614 ,0.1897 ,0.1733 ,0.0851 ,0.0366 ,5.2506 ,5.7786 ,5.2542 
-200,75,12.5,-1.0000,0.3750,0.0625,0.3868 ,0.1689 ,-0.0676 ,0.1834 ,0.1721 ,0.0808 ,0.0349 ,5.2479 ,5.7847 ,5.2339 
-200,100,12.5,-1.0000,0.5000,0.0625,0.4758 ,0.1625 ,-0.0687 ,0.1810 ,0.1768 ,0.0820 ,0.0354 ,5.2377 ,5.7888 ,5.2212 
-200,125,12.5,-1.0000,0.6250,0.0625,0.5064 ,0.1669 ,-0.0618 ,0.1859 ,0.1773 ,0.0805 ,0.0362 ,5.2324 ,5.7794 ,5.2347 
-200,150,12.5,-1.0000,0.7500,0.0625,0.5431 ,0.1691 ,-0.0556 ,0.1737 ,0.1788 ,0.0786 ,0.0342 ,5.2817 ,5.7507 ,5.2602 
-200,200,12.5,-1.0000,1.0000,0.0625,0.5965 ,0.1269 ,-0.0446 ,0.1758 ,0.1682 ,0.0779 ,0.0326 ,5.2387 ,5.7694 ,5.2176 
-150,-200,12.5,-0.7500,-1.0000,0.0625,0.5670 ,-0.2141 ,0.0597 ,0.1629 ,0.1926 ,0.0732 ,0.0345 ,5.3119 ,5.7061 ,6.1032 
-150,-150,12.5,-0.7500,-0.7500,0.0625,0.5107 ,-0.2942 ,0.0785 ,0.1774 ,0.2084 ,0.0936 ,0.0418 ,5.3223 ,5.6392 ,6.0883 
-150,-125,12.5,-0.7500,-0.6250,0.0625,0.4602 ,-0.3471 ,0.0880 ,0.2071 ,0.2143 ,0.1203 ,0.0516 ,5.3150 ,5.6733 ,6.1125 
-150,-100,12.5,-0.7500,-0.5000,0.0625,0.3757 ,-0.4000 ,0.1137 ,0.2220 ,0.2238 ,0.1668 ,0.0636 ,5.3517 ,5.6617 ,6.1013 
-150,-75,12.5,-0.7500,-0.3750,0.0625,0.2123 ,-0.3906 ,0.1206 ,0.2394 ,0.2015 ,0.2222 ,0.0736 ,5.3327 ,5.6802 ,6.0834 
-150,-60,12.5,-0.7500,-0.3000,0.0625,0.1524 ,-0.3541 ,0.1229 ,0.2330 ,0.1924 ,0.2457 ,0.0758 ,5.3285 ,5.6671 ,6.0652 
-150,-50,12.5,-0.7500,-0.2500,0.0625,0.0838 ,-0.3036 ,0.1022 ,0.2330 ,0.1850 ,0.2482 ,0.0750 ,5.3435 ,5.6699 ,6.0716 
-150,-40,12.5,-0.7500,-0.2000,0.0625,0.0358 ,-0.2591 ,0.0887 ,0.2206 ,0.1796 ,0.2588 ,0.0739 ,5.3312 ,5.6507 ,6.0986 
-150,-25,12.5,-0.7500,-0.1250,0.0625,0.0211 ,-0.1674 ,0.0639 ,0.2323 ,0.1614 ,0.2486 ,0.0709 ,5.3281 ,5.6738 ,6.1239 
-150,0,12.5,-0.7500,0.0000,0.0625,0.0083 ,0.0121 ,-0.0580 ,0.2379 ,0.1539 ,0.1973 ,0.0596 ,5.2645 ,5.7739 ,5.2425 
-150,25,12.5,-0.7500,0.1250,0.0625,0.0581 ,0.1529 ,-0.0326 ,0.2345 ,0.1769 ,0.2308 ,0.0698 ,5.2717 ,5.7493 ,5.2177 
-150,40,12.5,-0.7500,0.2000,0.0625,0.1020 ,0.2606 ,-0.0191 ,0.2426 ,0.1844 ,0.2366 ,0.0744 ,5.2611 ,5.7805 ,5.2480 
-150,50,12.5,-0.7500,0.2500,0.0625,0.1649 ,0.3073 ,-0.0239 ,0.2410 ,0.1893 ,0.2366 ,0.0750 ,5.2416 ,5.7798 ,5.2246 
-150,60,12.5,-0.7500,0.3000,0.0625,0.2192 ,0.3543 ,-0.0255 ,0.2359 ,0.1994 ,0.2218 ,0.0723 ,5.2226 ,5.7776 ,5.2451 
-150,75,12.5,-0.7500,0.3750,0.0625,0.3255 ,0.3722 ,-0.0461 ,0.2338 ,0.2109 ,0.2011 ,0.0698 ,5.2802 ,5.7482 ,5.2267 
-150,100,12.5,-0.7500,0.5000,0.0625,0.4411 ,0.3401 ,-0.0633 ,0.2274 ,0.2215 ,0.1508 ,0.0618 ,5.2663 ,5.7706 ,5.2359 
-150,125,12.5,-0.7500,0.6250,0.0625,0.5496 ,0.2907 ,-0.0653 ,0.1999 ,0.2094 ,0.1106 ,0.0480 ,5.2797 ,5.7593 ,5.2349 
-150,150,12.5,-0.7500,0.7500,0.0625,0.5970 ,0.2461 ,-0.0610 ,0.1824 ,0.2057 ,0.0906 ,0.0419 ,5.2650 ,5.7799 ,5.2523 
-150,200,12.5,-0.7500,1.0000,0.0625,0.6192 ,0.1661 ,-0.0480 ,0.1723 ,0.1835 ,0.0748 ,0.0345 ,5.2446 ,5.7982 ,5.2585 
-125,-200,12.5,-0.6250,-1.0000,0.0625,0.6028 ,-0.2172 ,0.0676 ,0.1786 ,0.1968 ,0.0754 ,0.0382 ,5.3704 ,5.6885 ,6.1154 
-125,-150,12.5,-0.6250,-0.7500,0.0625,0.5529 ,-0.3221 ,0.0866 ,0.1901 ,0.2283 ,0.1106 ,0.0503 ,5.3550 ,5.6688 ,6.1231 
-125,-125,12.5,-0.6250,-0.6250,0.0625,0.5041 ,-0.4076 ,0.1095 ,0.2264 ,0.2306 ,0.1548 ,0.0642 ,5.3355 ,5.6598 ,6.0879 
-125,-100,12.5,-0.6250,-0.5000,0.0625,0.3983 ,-0.4619 ,0.1264 ,0.2267 ,0.2312 ,0.2289 ,0.0786 ,5.3398 ,5.6752 ,6.1182 
-125,-75,12.5,-0.6250,-0.3750,0.0625,0.3167 ,-0.5179 ,0.0568 ,0.2165 ,0.2102 ,0.2712 ,0.0823 ,5.3751 ,5.6725 ,6.0995 
-125,-60,12.5,-0.6250,-0.3000,0.0625,0.2200 ,-0.4916 ,-0.0398 ,0.2127 ,0.1998 ,0.2433 ,0.0722 ,5.3511 ,5.7041 ,6.0905 
-125,-50,12.5,-0.6250,-0.2500,0.0625,0.1302 ,-0.4533 ,-0.0638 ,0.2062 ,0.1751 ,0.2259 ,0.0621 ,5.3740 ,5.6909 ,6.1042 
-125,-40,12.5,-0.6250,-0.2000,0.0625,0.0440 ,-0.3838 ,-0.1026 ,0.1919 ,0.1650 ,0.2112 ,0.0543 ,5.3514 ,5.6909 ,6.1261 
-125,-25,12.5,-0.6250,-0.1250,0.0625,-0.0317 ,-0.2354 ,-0.1200 ,0.1782 ,0.1429 ,0.1814 ,0.0425 ,5.3330 ,5.6704 ,6.0820 
-125,0,12.5,-0.6250,0.0000,0.0625,-0.0892 ,0.0059 ,-0.1667 ,0.2048 ,0.1321 ,0.1649 ,0.0433 ,5.3019 ,5.7689 ,5.2351 
-125,25,12.5,-0.6250,0.1250,0.0625,0.0102 ,0.2503 ,-0.2207 ,0.1962 ,0.1641 ,0.1987 ,0.0525 ,5.2933 ,5.8031 ,5.2448 
-125,40,12.5,-0.6250,0.2000,0.0625,0.1121 ,0.3908 ,-0.2474 ,0.2041 ,0.1862 ,0.2287 ,0.0643 ,5.2760 ,5.7870 ,5.2274 
-125,50,12.5,-0.6250,0.2500,0.0625,0.1970 ,0.4730 ,-0.2414 ,0.2096 ,0.2045 ,0.2532 ,0.0749 ,5.2886 ,5.7682 ,5.2627 
-125,60,12.5,-0.6250,0.3000,0.0625,0.3098 ,0.5016 ,-0.2333 ,0.2298 ,0.2237 ,0.2608 ,0.0854 ,5.2641 ,5.7615 ,5.2533 
-125,75,12.5,-0.6250,0.3750,0.0625,0.3954 ,0.4828 ,-0.1273 ,0.2335 ,0.2286 ,0.2693 ,0.0897 ,5.3030 ,5.7410 ,5.2494 
-125,100,12.5,-0.6250,0.5000,0.0625,0.5323 ,0.4169 ,-0.0633 ,0.2280 ,0.2412 ,0.2191 ,0.0791 ,5.2697 ,5.7819 ,5.2339 
-125,125,12.5,-0.6250,0.6250,0.0625,0.5809 ,0.3319 ,-0.0481 ,0.2027 ,0.2334 ,0.1541 ,0.0596 ,5.2666 ,5.7456 ,5.2419 
-125,150,12.5,-0.6250,0.7500,0.0625,0.6284 ,0.3070 ,-0.0595 ,0.1923 ,0.2250 ,0.1023 ,0.0490 ,5.2730 ,5.7527 ,5.2449 
-125,200,12.5,-0.6250,1.0000,0.0625,0.6542 ,0.1763 ,-0.0465 ,0.1667 ,0.1977 ,0.0764 ,0.0364 ,5.2810 ,5.7956 ,5.2409 
-110,-200,12.5,-0.5500,-1.0000,0.0625,0.6091 ,-0.2509 ,0.0701 ,0.1652 ,0.1995 ,0.0774 ,0.0365 ,5.3717 ,5.6901 ,6.0947 
-110,-150,12.5,-0.5500,-0.7500,0.0625,0.5993 ,-0.3442 ,0.0991 ,0.1944 ,0.2401 ,0.1241 ,0.0554 ,5.3678 ,5.6771 ,6.1246 
-110,-125,12.5,-0.5500,-0.6250,0.0625,0.5450 ,-0.4162 ,0.1107 ,0.2222 ,0.2371 ,0.1690 ,0.0671 ,5.3395 ,5.6904 ,6.1143 
-110,-100,12.5,-0.5500,-0.5000,0.0625,0.4658 ,-0.4664 ,0.0784 ,0.2234 ,0.2417 ,0.2301 ,0.0806 ,5.3728 ,5.6550 ,6.0927 
-110,-75,12.5,-0.5500,-0.3750,0.0625,0.4680 ,-0.5942 ,-0.0620 ,0.2137 ,0.2400 ,0.2135 ,0.0744 ,5.3455 ,5.6772 ,6.0946 
-110,-60,12.5,-0.5500,-0.3000,0.0625,0.3023 ,-0.7053 ,-0.1660 ,0.2031 ,0.2165 ,0.1603 ,0.0569 ,5.3568 ,5.6964 ,6.1221 
-110,-50,12.5,-0.5500,-0.2500,0.0625,0.0841 ,-0.6887 ,-0.2178 ,0.1922 ,0.1839 ,0.1444 ,0.0458 ,5.3538 ,5.6755 ,6.1042 
-110,-40,12.5,-0.5500,-0.2000,0.0625,-0.0562 ,-0.5294 ,-0.2227 ,0.1576 ,0.1703 ,0.1277 ,0.0351 ,5.3704 ,5.7090 ,6.0879 
-110,-25,12.5,-0.5500,-0.1250,0.0625,-0.1162 ,-0.3273 ,-0.2131 ,0.1614 ,0.1554 ,0.1211 ,0.0324 ,5.3583 ,5.7117 ,6.1075 
-110,0,12.5,-0.5500,0.0000,0.0625,-0.1498 ,0.0027 ,-0.2186 ,0.1603 ,0.1618 ,0.1126 ,0.0323 ,5.2932 ,5.7588 ,5.2445 
-110,25,12.5,-0.5500,0.1250,0.0625,-0.0948 ,0.3182 ,-0.3363 ,0.1576 ,0.1685 ,0.1340 ,0.0356 ,5.2606 ,5.7743 ,5.2431 
-110,40,12.5,-0.5500,0.2000,0.0625,0.0120 ,0.5784 ,-0.4002 ,0.1617 ,0.2016 ,0.1546 ,0.0454 ,5.2903 ,5.7627 ,5.2382 
-110,50,12.5,-0.5500,0.2500,0.0625,0.1679 ,0.7227 ,-0.4397 ,0.1926 ,0.2179 ,0.1625 ,0.0555 ,5.2819 ,5.7958 ,5.2509 
-110,60,12.5,-0.5500,0.3000,0.0625,0.3795 ,0.6657 ,-0.3919 ,0.2165 ,0.2507 ,0.1890 ,0.0727 ,5.2817 ,5.7843 ,5.2506 
-110,75,12.5,-0.5500,0.3750,0.0625,0.5321 ,0.5308 ,-0.2679 ,0.2201 ,0.2577 ,0.2227 ,0.0822 ,5.2824 ,5.7782 ,5.2625 
-110,100,12.5,-0.5500,0.5000,0.0625,0.5640 ,0.4601 ,-0.1054 ,0.2266 ,0.2361 ,0.2277 ,0.0795 ,5.2457 ,5.7111 ,5.2944 
-110,125,12.5,-0.5500,0.6250,0.0625,0.5970 ,0.3645 ,-0.0444 ,0.2192 ,0.2474 ,0.1749 ,0.0700 ,5.2926 ,5.7682 ,5.2723 
-110,150,12.5,-0.5500,0.7500,0.0625,0.6486 ,0.2724 ,-0.0545 ,0.1952 ,0.2270 ,0.1174 ,0.0517 ,5.2821 ,5.7840 ,5.2323 
-110,200,12.5,-0.5500,1.0000,0.0625,0.6706 ,0.1648 ,-0.0433 ,0.1756 ,0.1944 ,0.0789 ,0.0374 ,5.2840 ,5.7734 ,5.2465 
-100,-200,12.5,-0.5000,-1.0000,0.0625,0.6340 ,-0.2543 ,0.0728 ,0.1712 ,0.2069 ,0.0824 ,0.0395 ,5.3535 ,5.6853 ,6.1229 
-100,-150,12.5,-0.5000,-0.7500,0.0625,0.6007 ,-0.3143 ,0.1043 ,0.2048 ,0.2450 ,0.1338 ,0.0599 ,5.3478 ,5.7149 ,6.1214 
-100,-125,12.5,-0.5000,-0.6250,0.0625,0.5411 ,-0.4088 ,0.1155 ,0.2164 ,0.2481 ,0.1859 ,0.0715 ,5.3588 ,5.7051 ,6.1136 
-100,-100,12.5,-0.5000,-0.5000,0.0625,0.5380 ,-0.5103 ,0.0548 ,0.2123 ,0.2277 ,0.2200 ,0.0727 ,5.3607 ,5.6817 ,6.1006 
-100,-75,12.5,-0.5000,-0.3750,0.0625,0.5935 ,-0.5878 ,-0.1058 ,0.2059 ,0.2777 ,0.1895 ,0.0777 ,5.3670 ,5.7135 ,6.0930 
-100,-60,12.5,-0.5000,-0.3000,0.0625,0.4981 ,-0.8226 ,-0.2305 ,0.2101 ,0.2588 ,0.1770 ,0.0712 ,5.3713 ,5.6883 ,6.1092 
-100,60,12.5,-0.5000,0.3000,0.0625,0.5720 ,0.7553 ,-0.4918 ,0.2397 ,0.2671 ,0.1968 ,0.0838 ,5.2735 ,5.7712 ,5.2726 
-100,75,12.5,-0.5000,0.3750,0.0625,0.6719 ,0.5438 ,-0.3167 ,0.2226 ,0.2601 ,0.2110 ,0.0809 ,5.2787 ,5.7374 ,5.2327 
-100,100,12.5,-0.5000,0.5000,0.0625,0.6241 ,0.4522 ,-0.1292 ,0.2168 ,0.2354 ,0.2276 ,0.0771 ,5.3104 ,5.7706 ,5.2514 
-100,125,12.5,-0.5000,0.6250,0.0625,0.6275 ,0.3567 ,-0.0556 ,0.2165 ,0.2408 ,0.1790 ,0.0684 ,5.3069 ,5.7834 ,5.2465 
-100,150,12.5,-0.5000,0.7500,0.0625,0.6464 ,0.2945 ,-0.0485 ,0.1837 ,0.2304 ,0.1239 ,0.0511 ,5.2934 ,5.7516 ,5.2413 
-100,200,12.5,-0.5000,1.0000,0.0625,0.6861 ,0.1831 ,-0.0415 ,0.1728 ,0.1975 ,0.0812 ,0.0377 ,5.3120 ,5.7633 ,5.2261 
-75,-200,12.5,-0.3750,-1.0000,0.0625,0.6692 ,-0.2341 ,0.0766 ,0.1765 ,0.2130 ,0.0883 ,0.0421 ,5.3536 ,5.6607 ,6.1071 
-75,-150,12.5,-0.3750,-0.7500,0.0625,0.6395 ,-0.3652 ,0.1000 ,0.2005 ,0.2455 ,0.1450 ,0.0608 ,5.3742 ,5.6984 ,6.1092 
-75,-125,12.5,-0.3750,-0.6250,0.0625,0.6573 ,-0.3981 ,0.0765 ,0.1994 ,0.2300 ,0.1766 ,0.0619 ,5.3549 ,5.7112 ,6.1171 
-75,-100,12.5,-0.3750,-0.5000,0.0625,0.7275 ,-0.4036 ,-0.0025 ,0.2208 ,0.2256 ,0.1782 ,0.0657 ,5.3620 ,5.6878 ,6.1178 
-75,-75,12.5,-0.3750,-0.3750,0.0625,0.7017 ,-0.2424 ,-0.0819 ,0.3618 ,0.1670 ,0.1852 ,0.0966 ,5.3659 ,5.6954 ,6.1186 
-75,-60,12.5,-0.3750,-0.3000,0.0625,0.0672 ,-0.0082 ,-0.0583 ,0.3118 ,0.1602 ,0.1670 ,0.0754 ,5.3632 ,5.7092 ,6.1306 
-75,60,12.5,-0.3750,0.3000,0.0625,0.2030 ,-0.0068 ,-0.0557 ,0.3409 ,0.1638 ,0.1667 ,0.0854 ,5.2969 ,5.8079 ,5.2505 
-75,75,12.5,-0.3750,0.3750,0.0625,0.7431 ,0.2306 ,-0.2067 ,0.3322 ,0.1684 ,0.1937 ,0.0881 ,5.3019 ,5.7927 ,5.2308 
-75,100,12.5,-0.3750,0.5000,0.0625,0.7364 ,0.3511 ,-0.1457 ,0.2123 ,0.2204 ,0.2011 ,0.0670 ,5.3040 ,5.7683 ,5.2804 
-75,125,12.5,-0.3750,0.6250,0.0625,0.7012 ,0.3372 ,-0.0600 ,0.2147 ,0.2351 ,0.1805 ,0.0670 ,5.2927 ,5.7759 ,5.2482 
-75,150,12.5,-0.3750,0.7500,0.0625,0.7208 ,0.3050 ,-0.0414 ,0.1955 ,0.2384 ,0.1436 ,0.0578 ,5.2937 ,5.8040 ,5.2424 
-75,200,12.5,-0.3750,1.0000,0.0625,0.7178 ,0.1876 ,-0.0355 ,0.1747 ,0.2015 ,0.0817 ,0.0389 ,5.3022 ,5.7549 ,5.2364 
-50,-200,12.5,-0.2500,-1.0000,0.0625,0.7058 ,-0.2218 ,0.0789 ,0.1767 ,0.2354 ,0.0907 ,0.0474 ,5.3875 ,5.6920 ,6.1000 
-50,-150,12.5,-0.2500,-0.7500,0.0625,0.7249 ,-0.3280 ,0.0892 ,0.2095 ,0.2284 ,0.1370 ,0.0574 ,5.3648 ,5.6930 ,6.1343 
-50,-125,12.5,-0.2500,-0.6250,0.0625,0.7587 ,-0.3198 ,0.0591 ,0.2178 ,0.2134 ,0.1509 ,0.0579 ,5.3710 ,5.6996 ,6.0976 
-50,-100,12.5,-0.2500,-0.5000,0.0625,0.8301 ,-0.2496 ,-0.0168 ,0.2618 ,0.1700 ,0.1509 ,0.0601 ,5.3850 ,5.6908 ,6.0875 
-50,-75,12.5,-0.2500,-0.3750,0.0625,0.5553 ,-0.0138 ,-0.0586 ,0.3672 ,0.1555 ,0.1673 ,0.0935 ,5.3851 ,5.7030 ,6.1257 
-50,-60,12.5,-0.2500,-0.3000,0.0625,0.1316 ,0.0693 ,-0.0070 ,0.3493 ,0.1781 ,0.1736 ,0.0919 ,5.3725 ,5.7158 ,6.1159 
-50,60,12.5,-0.2500,0.3000,0.0625,0.2568 ,-0.0829 ,0.0165 ,0.3688 ,0.1907 ,0.1640 ,0.0996 ,5.2874 ,5.7770 ,5.2844 
-50,75,12.5,-0.2500,0.3750,0.0625,0.5860 ,0.0026 ,-0.1023 ,0.3796 ,0.1623 ,0.1731 ,0.1002 ,5.3174 ,5.7389 ,5.2521 
-50,100,12.5,-0.2500,0.5000,0.0625,0.8102 ,0.2113 ,-0.1118 ,0.2504 ,0.1639 ,0.1691 ,0.0591 ,5.2793 ,5.7725 ,5.2553 
-50,125,12.5,-0.2500,0.6250,0.0625,0.7502 ,0.2780 ,-0.0677 ,0.2026 ,0.1963 ,0.1649 ,0.0534 ,5.3065 ,5.7890 ,5.2658 
-50,150,12.5,-0.2500,0.7500,0.0625,0.7358 ,0.2538 ,-0.0453 ,0.1931 ,0.2301 ,0.1357 ,0.0543 ,5.2797 ,5.7661 ,5.2883 
-50,200,12.5,-0.2500,1.0000,0.0625,0.7477 ,0.1957 ,-0.0360 ,0.1732 ,0.2166 ,0.0918 ,0.0427 ,5.2829 ,5.7868 ,5.2392 
-25,-200,12.5,-0.1250,-1.0000,0.0625,0.7124 ,-0.2262 ,0.0755 ,0.1702 ,0.2378 ,0.0941 ,0.0472 ,5.4063 ,5.7026 ,6.1361 
-25,-150,12.5,-0.1250,-0.7500,0.0625,0.7482 ,-0.2763 ,0.0751 ,0.1954 ,0.2180 ,0.1238 ,0.0505 ,5.3684 ,5.7164 ,6.1377 
-25,-125,12.5,-0.1250,-0.6250,0.0625,0.7851 ,-0.2371 ,0.0397 ,0.2145 ,0.1868 ,0.1343 ,0.0495 ,5.4156 ,5.6787 ,6.1142 
-25,-100,12.5,-0.1250,-0.5000,0.0625,0.8039 ,-0.1203 ,-0.0005 ,0.2977 ,0.1424 ,0.1460 ,0.0651 ,5.3944 ,5.7113 ,6.1134 
-25,-75,12.5,-0.1250,-0.3750,0.0625,0.5595 ,0.0475 ,-0.0236 ,0.3557 ,0.1770 ,0.1734 ,0.0940 ,5.3970 ,5.7064 ,6.1344 
-25,-60,12.5,-0.1250,-0.3000,0.0625,0.2803 ,0.0751 ,0.0323 ,0.3729 ,0.1725 ,0.1760 ,0.0999 ,5.3936 ,5.6929 ,6.1197 
-25,60,12.5,-0.1250,0.3000,0.0625,0.3077 ,-0.0680 ,0.0351 ,0.3697 ,0.1739 ,0.1709 ,0.0981 ,5.3136 ,5.7610 ,5.2691 
-25,75,12.5,-0.1250,0.3750,0.0625,0.5951 ,-0.0529 ,-0.0420 ,0.3530 ,0.1746 ,0.1729 ,0.0925 ,5.3128 ,5.7633 ,5.2757 
-25,100,12.5,-0.1250,0.5000,0.0625,0.7861 ,0.1071 ,-0.0836 ,0.2709 ,0.1402 ,0.1499 ,0.0578 ,5.3238 ,5.7663 ,5.2858 
-25,125,12.5,-0.1250,0.6250,0.0625,0.7891 ,0.2188 ,-0.0553 ,0.2093 ,0.1814 ,0.1471 ,0.0492 ,5.3056 ,5.7706 ,5.2506 
-25,150,12.5,-0.1250,0.7500,0.0625,0.7383 ,0.2204 ,-0.0283 ,0.1927 ,0.2097 ,0.1293 ,0.0489 ,5.3357 ,5.7577 ,5.2284 
-25,200,12.5,-0.1250,1.0000,0.0625,0.7588 ,0.1781 ,-0.0279 ,0.1730 ,0.2199 ,0.0928 ,0.0434 ,5.3180 ,5.7764 ,5.2693 
0,-200,12.5,0.0000,-1.0000,0.0625,0.7623 ,-0.2164 ,0.0730 ,0.1794 ,0.2291 ,0.0937 ,0.0467 ,5.3919 ,5.6988 ,6.1299 
0,-150,12.5,0.0000,-0.7500,0.0625,0.7731 ,-0.2180 ,0.0665 ,0.2033 ,0.2009 ,0.1225 ,0.0483 ,5.3677 ,5.7009 ,6.1423 
0,-125,12.5,0.0000,-0.6250,0.0625,0.8165 ,-0.1666 ,0.0416 ,0.2343 ,0.1608 ,0.1260 ,0.0483 ,5.3867 ,5.7211 ,6.1238 
0,-100,12.5,0.0000,-0.5000,0.0625,0.7364 ,-0.0621 ,0.0072 ,0.2999 ,0.1465 ,0.1430 ,0.0659 ,5.4059 ,5.7168 ,6.1314 
0,-75,12.5,0.0000,-0.3750,0.0625,0.5585 ,0.0385 ,0.0039 ,0.4018 ,0.1950 ,0.1688 ,0.1140 ,5.4148 ,5.7333 ,6.1403 
0,-60,12.5,0.0000,-0.3000,0.0625,0.2744 ,-0.0023 ,0.0372 ,0.4007 ,0.2165 ,0.1737 ,0.1188 ,5.3825 ,5.7186 ,6.1243 
0,60,12.5,0.0000,0.3000,0.0625,0.3685 ,-0.0267 ,0.0104 ,0.3998 ,0.2116 ,0.1757 ,0.1177 ,5.3084 ,5.7606 ,5.2725 
0,75,12.5,0.0000,0.3750,0.0625,0.5625 ,-0.0536 ,-0.0155 ,0.3643 ,0.1932 ,0.1661 ,0.0988 ,5.3183 ,5.7951 ,5.2577 
0,100,12.5,0.0000,0.5000,0.0625,0.7553 ,0.0516 ,-0.0432 ,0.2732 ,0.1447 ,0.1480 ,0.0588 ,5.3095 ,5.7844 ,5.2249 
0,125,12.5,0.0000,0.6250,0.0625,0.7927 ,0.1445 ,-0.0380 ,0.2128 ,0.1592 ,0.1286 ,0.0436 ,5.3214 ,5.7700 ,5.2868 
0,150,12.5,0.0000,0.7500,0.0625,0.7942 ,0.1701 ,-0.0301 ,0.1847 ,0.1996 ,0.1172 ,0.0438 ,5.3072 ,5.7494 ,5.2551 
0,200,12.5,0.0000,1.0000,0.0625,0.7468 ,0.1537 ,-0.0174 ,0.1763 ,0.2170 ,0.0848 ,0.0427 ,5.3180 ,5.7648 ,5.2503 
10,-200,12.5,0.0500,-1.0000,0.0625,0.7501 ,-0.1739 ,0.0719 ,0.1805 ,0.2235 ,0.0930 ,0.0456 ,5.4055 ,5.7121 ,6.1502 
10,-150,12.5,0.0500,-0.7500,0.0625,0.8052 ,-0.2007 ,0.0641 ,0.2060 ,0.2016 ,0.1137 ,0.0480 ,5.3842 ,5.7011 ,6.1535 
10,-125,12.5,0.0500,-0.6250,0.0625,0.8211 ,-0.1410 ,0.0415 ,0.2434 ,0.1560 ,0.1213 ,0.0492 ,5.3889 ,5.7276 ,6.1788 
10,-100,12.5,0.0500,-0.5000,0.0625,0.7477 ,-0.0366 ,0.0160 ,0.3230 ,0.1510 ,0.1461 ,0.0742 ,5.4032 ,5.7087 ,6.1577 
10,-75,12.5,0.0500,-0.3750,0.0625,0.5092 ,0.0418 ,0.0118 ,0.3781 ,0.1982 ,0.1670 ,0.1051 ,5.4040 ,5.6906 ,6.1460 
10,-60,12.5,0.0500,-0.3000,0.0625,0.3357 ,0.0063 ,0.0296 ,0.3981 ,0.2061 ,0.1609 ,0.1134 ,5.4029 ,5.7177 ,6.1519 
10,-50,12.5,0.0500,-0.2500,0.0625,0.1201 ,-0.0560 ,0.0355 ,0.2355 ,0.1961 ,0.1344 ,0.0560 ,5.3806 ,5.7168 ,6.1138 
10,-40,12.5,0.0500,-0.2000,0.0625,-0.0508 ,-0.1264 ,0.0586 ,0.1240 ,0.1483 ,0.0993 ,0.0236 ,5.4022 ,5.6961 ,6.1475 
10,-25,12.5,0.0500,-0.1250,0.0625,-0.1088 ,-0.1212 ,0.0492 ,0.1186 ,0.1669 ,0.0978 ,0.0258 ,5.4037 ,5.7009 ,6.1457 
10,0,12.5,0.0500,0.0000,0.0625,-0.1305 ,0.0411 ,-0.0047 ,0.1130 ,0.1997 ,0.0934 ,0.0307 ,5.3103 ,5.7801 ,5.2713 
10,25,12.5,0.0500,0.1250,0.0625,-0.0631 ,0.1605 ,-0.0365 ,0.1180 ,0.1631 ,0.0926 ,0.0246 ,5.3402 ,5.7859 ,5.2653 
10,40,12.5,0.0500,0.2000,0.0625,-0.0054 ,0.1567 ,-0.0490 ,0.1249 ,0.1458 ,0.0911 ,0.0226 ,5.3340 ,5.7813 ,5.2702 
10,50,12.5,0.0500,0.2500,0.0625,0.2612 ,0.0272 ,0.0062 ,0.3001 ,0.2100 ,0.1173 ,0.0740 ,5.3112 ,5.7660 ,5.2729 
10,60,12.5,0.0500,0.3000,0.0625,0.4396 ,-0.0292 ,0.0028 ,0.3716 ,0.2074 ,0.1553 ,0.1026 ,5.3224 ,5.7734 ,5.2860 
10,75,12.5,0.0500,0.3750,0.0625,0.5977 ,-0.0517 ,-0.0120 ,0.3513 ,0.1935 ,0.1595 ,0.0931 ,5.3113 ,5.7920 ,5.3007 
10,100,12.5,0.0500,0.5000,0.0625,0.7657 ,0.0339 ,-0.0357 ,0.2902 ,0.1473 ,0.1458 ,0.0636 ,5.3173 ,5.7479 ,5.2741 
10,125,12.5,0.0500,0.6250,0.0625,0.7905 ,0.1288 ,-0.0329 ,0.2203 ,0.1528 ,0.1263 ,0.0439 ,5.3227 ,5.7709 ,5.2737 
10,150,12.5,0.0500,0.7500,0.0625,0.7897 ,0.1724 ,-0.0277 ,0.1921 ,0.1870 ,0.1153 ,0.0426 ,5.3201 ,5.7841 ,5.2703 
10,200,12.5,0.0500,1.0000,0.0625,0.7675 ,0.1428 ,-0.0190 ,0.1776 ,0.2143 ,0.0898 ,0.0428 ,5.3310 ,5.7673 ,5.2887 
25,-200,12.5,0.1250,-1.0000,0.0625,0.7733 ,-0.1797 ,0.0735 ,0.1723 ,0.2329 ,0.0932 ,0.0463 ,5.3844 ,5.7041 ,6.1602 
25,-150,12.5,0.1250,-0.7500,0.0625,0.8014 ,-0.1722 ,0.0615 ,0.2074 ,0.1816 ,0.1116 ,0.0442 ,5.3968 ,5.7525 ,6.1325 
25,-125,12.5,0.1250,-0.6250,0.0625,0.8331 ,-0.1209 ,0.0423 ,0.2558 ,0.1499 ,0.1202 ,0.0512 ,5.3683 ,5.6701 ,6.1194 
25,-100,12.5,0.1250,-0.5000,0.0625,0.7403 ,-0.0330 ,0.0205 ,0.2875 ,0.1541 ,0.1361 ,0.0624 ,5.3779 ,5.6725 ,6.1534 
25,-75,12.5,0.1250,-0.3750,0.0625,0.5557 ,0.0449 ,0.0147 ,0.3775 ,0.2018 ,0.1577 ,0.1040 ,5.3869 ,5.7436 ,6.1267 
25,-60,12.5,0.1250,-0.3000,0.0625,0.4147 ,0.0249 ,0.0187 ,0.3983 ,0.2124 ,0.1527 ,0.1135 ,5.3925 ,5.6667 ,6.1302 
25,-50,12.5,0.1250,-0.2500,0.0625,0.2452 ,0.0095 ,0.0289 ,0.3292 ,0.2008 ,0.1348 ,0.0834 ,5.3862 ,5.7181 ,6.1685 
25,-40,12.5,0.1250,-0.2000,0.0625,0.0183 ,-0.0453 ,0.0460 ,0.2258 ,0.2003 ,0.1144 ,0.0521 ,5.4011 ,5.6960 ,6.1336 
25,-25,12.5,0.1250,-0.1250,0.0625,-0.1398 ,-0.0539 ,0.0532 ,0.1841 ,0.2014 ,0.1075 ,0.0430 ,5.4128 ,5.7091 ,6.1582 
25,0,12.5,0.1250,0.0000,0.0625,-0.2172 ,0.0396 ,0.0189 ,0.1675 ,0.1974 ,0.1041 ,0.0389 ,5.3243 ,5.7686 ,5.2678 
25,25,12.5,0.1250,0.1250,0.0625,-0.0864 ,0.1029 ,-0.0010 ,0.1771 ,0.1962 ,0.1074 ,0.0407 ,5.3151 ,5.7173 ,5.2901 
25,40,12.5,0.1250,0.2000,0.0625,0.0480 ,0.0559 ,0.0008 ,0.2109 ,0.2081 ,0.1063 ,0.0495 ,5.3379 ,5.7605 ,5.2948 
25,50,12.5,0.1250,0.2500,0.0625,0.3270 ,-0.0267 ,0.0140 ,0.3452 ,0.2149 ,0.1305 ,0.0912 ,5.3124 ,5.7562 ,5.2667 
25,60,12.5,0.1250,0.3000,0.0625,0.4680 ,-0.0548 ,0.0076 ,0.3631 ,0.2149 ,0.1472 ,0.0999 ,5.3217 ,5.7466 ,5.2863 
25,75,12.5,0.1250,0.3750,0.0625,0.6097 ,-0.0551 ,-0.0089 ,0.3687 ,0.1984 ,0.1516 ,0.0992 ,5.3130 ,5.7599 ,5.2869 
25,100,12.5,0.1250,0.5000,0.0625,0.7373 ,0.0261 ,-0.0264 ,0.2769 ,0.1425 ,0.1445 ,0.0589 ,5.3347 ,5.7528 ,5.2780 
25,125,12.5,0.1250,0.6250,0.0625,0.7939 ,0.0905 ,-0.0205 ,0.2292 ,0.1551 ,0.1205 ,0.0456 ,5.3410 ,5.7678 ,5.2534 
25,150,12.5,0.1250,0.7500,0.0625,0.7908 ,0.1341 ,-0.0200 ,0.1902 ,0.1840 ,0.1100 ,0.0411 ,5.3376 ,5.8209 ,5.2639 
25,200,12.5,0.1250,1.0000,0.0625,0.7679 ,0.1230 ,-0.0104 ,0.1686 ,0.2071 ,0.0875 ,0.0395 ,5.3428 ,5.7276 ,5.2658 
50,-200,12.5,0.2500,-1.0000,0.0625,0.7815 ,-0.1740 ,0.0669 ,0.1772 ,0.2186 ,0.0881 ,0.0435 ,5.3803 ,5.6910 ,6.1258 
50,-150,12.5,0.2500,-0.7500,0.0625,0.7868 ,-0.1285 ,0.0529 ,0.2157 ,0.1717 ,0.1036 ,0.0434 ,5.4048 ,5.6984 ,6.1501 
50,-125,12.5,0.2500,-0.6250,0.0625,0.8090 ,-0.0830 ,0.0437 ,0.2539 ,0.1466 ,0.1197 ,0.0501 ,5.3999 ,5.7210 ,6.1243 
50,-100,12.5,0.2500,-0.5000,0.0625,0.7327 ,-0.0033 ,0.0276 ,0.3058 ,0.1590 ,0.1365 ,0.0687 ,5.3878 ,5.6902 ,6.1497 
50,-75,12.5,0.2500,-0.3750,0.0625,0.5771 ,0.0560 ,0.0124 ,0.3750 ,0.2012 ,0.1420 ,0.1006 ,5.3864 ,5.6907 ,6.1252 
50,-60,12.5,0.2500,-0.3000,0.0625,0.4562 ,0.0807 ,0.0086 ,0.4130 ,0.2098 ,0.1443 ,0.1177 ,5.3892 ,5.6709 ,6.1381 
50,-50,12.5,0.2500,-0.2500,0.0625,0.2560 ,0.0805 ,0.0163 ,0.3956 ,0.2339 ,0.1374 ,0.1151 ,5.3658 ,5.7151 ,6.1379 
50,-40,12.5,0.2500,-0.2000,0.0625,0.0839 ,0.0593 ,0.0162 ,0.3211 ,0.2374 ,0.1332 ,0.0886 ,5.3728 ,5.6945 ,6.1418 
50,-25,12.5,0.2500,-0.1250,0.0625,-0.1259 ,0.0415 ,0.0299 ,0.2667 ,0.2521 ,0.1310 ,0.0759 ,5.3944 ,5.6797 ,6.1636 
50,0,12.5,0.2500,0.0000,0.0625,-0.2532 ,0.0405 ,0.0182 ,0.1965 ,0.2449 ,0.1225 ,0.0568 ,5.3502 ,5.7517 ,5.2853 
50,25,12.5,0.2500,0.1250,0.0625,-0.1020 ,-0.0073 ,0.0200 ,0.2352 ,0.2574 ,0.1264 ,0.0688 ,5.3175 ,5.7766 ,5.2614 
50,40,12.5,0.2500,0.2000,0.0625,0.1197 ,-0.0589 ,0.0273 ,0.3007 ,0.2507 ,0.1282 ,0.0849 ,5.3176 ,5.7562 ,5.2872 
50,50,12.5,0.2500,0.2500,0.0625,0.3128 ,-0.0956 ,0.0255 ,0.3678 ,0.2404 ,0.1294 ,0.1049 ,5.3589 ,5.7855 ,5.3095 
50,60,12.5,0.2500,0.3000,0.0625,0.4506 ,-0.0915 ,0.0087 ,0.3920 ,0.2162 ,0.1351 ,0.1093 ,5.3411 ,5.7814 ,5.3003 
50,75,12.5,0.2500,0.3750,0.0625,0.5903 ,-0.0703 ,-0.0019 ,0.3696 ,0.1988 ,0.1371 ,0.0974 ,5.3294 ,5.7433 ,5.2864 
50,100,12.5,0.2500,0.5000,0.0625,0.7146 ,-0.0089 ,-0.0044 ,0.2600 ,0.1590 ,0.1288 ,0.0547 ,5.3511 ,5.7293 ,5.3206 
50,125,12.5,0.2500,0.6250,0.0625,0.7719 ,0.0643 ,-0.0130 ,0.2276 ,0.1476 ,0.1124 ,0.0431 ,5.3546 ,5.7350 ,5.3236 
50,150,12.5,0.2500,0.7500,0.0625,0.7784 ,0.0991 ,-0.0164 ,0.2021 ,0.1735 ,0.1034 ,0.0408 ,5.3372 ,5.7327 ,5.3179 
50,200,12.5,0.2500,1.0000,0.0625,0.7658 ,0.1104 ,-0.0140 ,0.1654 ,0.2003 ,0.0844 ,0.0373 ,5.3189 ,5.7663 ,5.3072 
75,-200,12.5,0.3750,-1.0000,0.0625,0.7806 ,-0.1566 ,0.0643 ,0.1814 ,0.2092 ,0.0847 ,0.0419 ,5.4024 ,5.7146 ,6.1357 
75,-150,12.5,0.3750,-0.7500,0.0625,0.7801 ,-0.1013 ,0.0526 ,0.2345 ,0.1672 ,0.1026 ,0.0467 ,5.3917 ,5.7280 ,6.1078 
75,-125,12.5,0.3750,-0.6250,0.0625,0.7716 ,-0.0541 ,0.0393 ,0.2605 ,0.1485 ,0.1107 ,0.0511 ,5.4036 ,5.7212 ,6.1651 
75,-100,12.5,0.3750,-0.5000,0.0625,0.6673 ,0.0124 ,0.0291 ,0.3204 ,0.1574 ,0.1278 ,0.0719 ,5.3942 ,5.7111 ,6.1372 
75,-75,12.5,0.3750,-0.3750,0.0625,0.5151 ,0.0698 ,0.0103 ,0.3900 ,0.1897 ,0.1373 ,0.1034 ,5.3828 ,5.7276 ,6.1450 
75,-60,12.5,0.3750,-0.3000,0.0625,0.3662 ,0.0926 ,0.0028 ,0.3916 ,0.2108 ,0.1403 ,0.1087 ,5.3919 ,5.6995 ,6.1393 
75,-50,12.5,0.3750,-0.2500,0.0625,0.2395 ,0.1096 ,0.0025 ,0.3898 ,0.2289 ,0.1370 ,0.1115 ,5.3972 ,5.7053 ,6.1552 
75,-40,12.5,0.3750,-0.2000,0.0625,0.1382 ,0.1033 ,0.0043 ,0.3449 ,0.2410 ,0.1333 ,0.0974 ,5.4227 ,5.7252 ,6.1309 
75,-25,12.5,0.3750,-0.1250,0.0625,-0.0528 ,0.0752 ,0.0138 ,0.2707 ,0.2700 ,0.1348 ,0.0822 ,5.3941 ,5.6905 ,6.1281 
75,0,12.5,0.3750,0.0000,0.0625,-0.1943 ,0.0198 ,0.0144 ,0.2086 ,0.2766 ,0.1312 ,0.0686 ,5.3302 ,5.7534 ,5.3079 
75,25,12.5,0.3750,0.1250,0.0625,-0.0329 ,-0.0641 ,0.0251 ,0.2899 ,0.2902 ,0.1321 ,0.0928 ,5.3382 ,5.7188 ,5.2716 
75,40,12.5,0.3750,0.2000,0.0625,0.1559 ,-0.1186 ,0.0311 ,0.3447 ,0.2669 ,0.1348 ,0.1041 ,5.3445 ,5.7303 ,5.2758 
75,50,12.5,0.3750,0.2500,0.0625,0.3168 ,-0.1161 ,0.0228 ,0.3751 ,0.2510 ,0.1347 ,0.1109 ,5.3364 ,5.7435 ,5.3044 
75,60,12.5,0.3750,0.3000,0.0625,0.4154 ,-0.1124 ,0.0185 ,0.3686 ,0.2304 ,0.1349 ,0.1036 ,5.3586 ,5.7354 ,5.2713 
75,75,12.5,0.3750,0.3750,0.0625,0.5623 ,-0.0827 ,0.0112 ,0.3449 ,0.2040 ,0.1300 ,0.0887 ,5.3528 ,5.7492 ,5.2948 
75,100,12.5,0.3750,0.5000,0.0625,0.6696 ,-0.0199 ,-0.0001 ,0.2856 ,0.1592 ,0.1224 ,0.0610 ,5.3411 ,5.7512 ,5.2920 
75,125,12.5,0.3750,0.6250,0.0625,0.7548 ,0.0371 ,-0.0025 ,0.2489 ,0.1519 ,0.1109 ,0.0487 ,5.3438 ,5.7918 ,5.3375 
75,150,12.5,0.3750,0.7500,0.0625,0.7880 ,0.0854 ,-0.0075 ,0.2109 ,0.1679 ,0.0953 ,0.0409 ,5.3262 ,5.7429 ,5.2945 
75,200,12.5,0.3750,1.0000,0.0625,0.7785 ,0.0905 ,-0.0100 ,0.1748 ,0.2002 ,0.0808 ,0.0386 ,5.3240 ,5.7265 ,5.3239 
100,-200,12.5,0.5000,-1.0000,0.0625,0.7697 ,-0.1285 ,0.0601 ,0.1901 ,0.2023 ,0.0830 ,0.0420 ,5.3634 ,5.7295 ,6.1423 
100,-150,12.5,0.5000,-0.7500,0.0625,0.7586 ,-0.0806 ,0.0514 ,0.2312 ,0.1621 ,0.0986 ,0.0447 ,5.3509 ,5.7175 ,6.1685 
100,-125,12.5,0.5000,-0.6250,0.0625,0.7241 ,-0.0312 ,0.0391 ,0.2716 ,0.1535 ,0.1082 ,0.0545 ,5.3873 ,5.7068 ,6.1646 
100,-100,12.5,0.5000,-0.5000,0.0625,0.6452 ,0.0176 ,0.0251 ,0.3104 ,0.1651 ,0.1209 ,0.0691 ,5.3795 ,5.7134 ,6.1546 
100,-75,12.5,0.5000,-0.3750,0.0625,0.4703 ,0.0719 ,0.0097 ,0.3519 ,0.1963 ,0.1337 ,0.0901 ,5.3841 ,5.7282 ,6.1410 
100,-60,12.5,0.5000,-0.3000,0.0625,0.3945 ,0.0951 ,0.0036 ,0.3659 ,0.2112 ,0.1414 ,0.0992 ,5.4027 ,5.7291 ,6.1543 
100,-50,12.5,0.5000,-0.2500,0.0625,0.2245 ,0.1069 ,-0.0024 ,0.3648 ,0.2369 ,0.1356 ,0.1038 ,5.3753 ,5.6991 ,6.1574 
100,-40,12.5,0.5000,-0.2000,0.0625,0.1414 ,0.1058 ,0.0008 ,0.3475 ,0.2385 ,0.1393 ,0.0985 ,5.3922 ,5.7157 ,6.1630 
100,-25,12.5,0.5000,-0.1250,0.0625,-0.0076 ,0.0769 ,0.0030 ,0.2785 ,0.2645 ,0.1374 ,0.0832 ,5.3871 ,5.7301 ,6.1460 
100,0,12.5,0.5000,0.0000,0.0625,-0.1212 ,0.0312 ,0.0029 ,0.2111 ,0.2822 ,0.1368 ,0.0715 ,5.3359 ,5.7695 ,5.2886 
100,25,12.5,0.5000,0.1250,0.0625,0.0153 ,-0.0492 ,0.0175 ,0.2713 ,0.2901 ,0.1343 ,0.0879 ,5.3047 ,5.7276 ,5.2753 
100,40,12.5,0.5000,0.2000,0.0625,0.2030 ,-0.1013 ,0.0226 ,0.3320 ,0.2591 ,0.1386 ,0.0983 ,5.3256 ,5.7492 ,5.2914 
100,50,12.5,0.5000,0.2500,0.0625,0.3071 ,-0.1045 ,0.0216 ,0.3822 ,0.2491 ,0.1337 ,0.1130 ,5.3294 ,5.7642 ,5.3025 
100,60,12.5,0.5000,0.3000,0.0625,0.3916 ,-0.1046 ,0.0175 ,0.3822 ,0.2309 ,0.1304 ,0.1082 ,5.3359 ,5.7716 ,5.2984 
100,75,12.5,0.5000,0.3750,0.0625,0.5093 ,-0.0856 ,0.0138 ,0.3501 ,0.1952 ,0.1273 ,0.0884 ,5.3886 ,5.7626 ,5.2936 
100,100,12.5,0.5000,0.5000,0.0625,0.6633 ,-0.0312 ,0.0059 ,0.2996 ,0.1606 ,0.1210 ,0.0651 ,5.3078 ,5.7228 ,5.3071 
100,125,12.5,0.5000,0.6250,0.0625,0.7260 ,0.0196 ,0.0030 ,0.2573 ,0.1514 ,0.1012 ,0.0497 ,5.3250 ,5.7741 ,5.3086 
100,150,12.5,0.5000,0.7500,0.0625,0.7611 ,0.0610 ,-0.0082 ,0.2152 ,0.1639 ,0.0919 ,0.0408 ,5.3521 ,5.7363 ,5.3041 
100,200,12.5,0.5000,1.0000,0.0625,0.7842 ,0.0875 ,-0.0076 ,0.1861 ,0.1982 ,0.0799 ,0.0401 ,5.3444 ,5.7296 ,5.3132 
150,-200,12.5,0.7500,-1.0000,0.0625,0.7589 ,-0.0963 ,0.0577 ,0.1965 ,0.1848 ,0.0770 ,0.0393 ,5.3869 ,5.7244 ,6.1484 
150,-150,12.5,0.7500,-0.7500,0.0625,0.7405 ,-0.0613 ,0.0449 ,0.2390 ,0.1554 ,0.0930 ,0.0450 ,5.3803 ,5.7101 ,6.1950 
150,-125,12.5,0.7500,-0.6250,0.0625,0.6798 ,-0.0216 ,0.0354 ,0.2623 ,0.1576 ,0.1014 ,0.0520 ,5.3740 ,5.7088 ,6.1749 
150,-100,12.5,0.7500,-0.5000,0.0625,0.5772 ,0.0081 ,0.0234 ,0.3114 ,0.1713 ,0.1164 ,0.0699 ,5.3793 ,5.7089 ,6.1698 
150,-75,12.5,0.7500,-0.3750,0.0625,0.4530 ,0.0449 ,0.0072 ,0.3310 ,0.1942 ,0.1273 ,0.0818 ,5.3833 ,5.7246 ,6.1479 
150,-60,12.5,0.7500,-0.3000,0.0625,0.3248 ,0.0577 ,-0.0029 ,0.3218 ,0.2074 ,0.1243 ,0.0810 ,5.3953 ,5.7562 ,6.1585 
150,-50,12.5,0.7500,-0.2500,0.0625,0.2492 ,0.0653 ,-0.0104 ,0.3016 ,0.2185 ,0.1327 ,0.0782 ,5.3652 ,5.7098 ,6.1725 
150,-40,12.5,0.7500,-0.2000,0.0625,0.1881 ,0.0514 ,-0.0143 ,0.2925 ,0.2298 ,0.1327 ,0.0780 ,5.3687 ,5.7056 ,6.1859 
150,-25,12.5,0.7500,-0.1250,0.0625,0.1335 ,0.0403 ,-0.0086 ,0.2500 ,0.2423 ,0.1357 ,0.0698 ,5.3674 ,5.7517 ,6.1568 
150,0,12.5,0.7500,0.0000,0.0625,0.0494 ,0.0121 ,-0.0239 ,0.2032 ,0.2611 ,0.1334 ,0.0636 ,5.3458 ,5.7262 ,5.3106 
150,25,12.5,0.7500,0.1250,0.0625,0.1179 ,-0.0572 ,-0.0132 ,0.2588 ,0.2717 ,0.1318 ,0.0791 ,5.3423 ,5.7442 ,5.2615 
150,40,12.5,0.7500,0.2000,0.0625,0.2387 ,-0.0673 ,-0.0001 ,0.3102 ,0.2577 ,0.1304 ,0.0898 ,5.3320 ,5.7604 ,5.3148 
150,50,12.5,0.7500,0.2500,0.0625,0.2774 ,-0.0714 ,-0.0001 ,0.3136 ,0.2335 ,0.1325 ,0.0852 ,5.3520 ,5.7360 ,5.2860 
150,60,12.5,0.7500,0.3000,0.0625,0.3617 ,-0.0685 ,0.0026 ,0.3207 ,0.2182 ,0.1256 ,0.0831 ,5.3388 ,5.7430 ,5.3006 
150,75,12.5,0.7500,0.3750,0.0625,0.4521 ,-0.0535 ,0.0024 ,0.3032 ,0.2048 ,0.1224 ,0.0744 ,5.3190 ,5.7659 ,5.3004 
150,100,12.5,0.7500,0.5000,0.0625,0.5755 ,-0.0203 ,0.0023 ,0.2928 ,0.1760 ,0.1096 ,0.0644 ,5.3626 ,5.7458 ,5.2915 
150,125,12.5,0.7500,0.6250,0.0625,0.7026 ,0.0112 ,0.0016 ,0.2530 ,0.1573 ,0.1026 ,0.0496 ,5.3538 ,5.7512 ,5.3357 
150,150,12.5,0.7500,0.7500,0.0625,0.7328 ,0.0300 ,0.0007 ,0.2224 ,0.1691 ,0.0871 ,0.0428 ,5.3336 ,5.7503 ,5.3079 
150,200,12.5,0.7500,1.0000,0.0625,0.7568 ,0.0638 ,-0.0021 ,0.1844 ,0.1792 ,0.0759 ,0.0359 ,5.3614 ,5.7590 ,5.2924 
200,-200,12.5,1.0000,-1.0000,0.0625,0.7506 ,-0.0977 ,0.0573 ,0.2021 ,0.1782 ,0.0783 ,0.0394 ,5.3865 ,5.7084 ,6.1723 
200,-150,12.5,1.0000,-0.7500,0.0625,0.6766 ,-0.0615 ,0.0453 ,0.2482 ,0.1579 ,0.0902 ,0.0473 ,5.3749 ,5.7212 ,6.1880 
200,-125,12.5,1.0000,-0.6250,0.0625,0.6097 ,-0.0326 ,0.0352 ,0.2718 ,0.1655 ,0.0971 ,0.0553 ,5.3714 ,5.6741 ,6.1684 
200,-100,12.5,1.0000,-0.5000,0.0625,0.4811 ,-0.0078 ,0.0254 ,0.2908 ,0.1697 ,0.1129 ,0.0631 ,5.3817 ,5.7058 ,6.1482 
200,-75,12.5,1.0000,-0.3750,0.0625,0.3967 ,0.0047 ,0.0004 ,0.2893 ,0.1899 ,0.1187 ,0.0669 ,5.3694 ,5.7145 ,6.1447 
200,-60,12.5,1.0000,-0.3000,0.0625,0.3318 ,0.0185 ,-0.0238 ,0.2650 ,0.2063 ,0.1215 ,0.0638 ,5.3577 ,5.7149 ,6.1558 
200,-50,12.5,1.0000,-0.2500,0.0625,0.2857 ,0.0148 ,-0.0502 ,0.2526 ,0.2128 ,0.1151 ,0.0612 ,5.3691 ,5.7316 ,6.1926 
200,-40,12.5,1.0000,-0.2000,0.0625,0.2486 ,0.0085 ,-0.0754 ,0.2389 ,0.2144 ,0.1240 ,0.0592 ,5.3392 ,5.6895 ,6.1872 
200,-25,12.5,1.0000,-0.1250,0.0625,0.2057 ,-0.0027 ,-0.0403 ,0.2088 ,0.2291 ,0.1216 ,0.0554 ,5.3766 ,5.7369 ,6.1696 
200,0,12.5,1.0000,0.0000,0.0625,0.1571 ,-0.0085 ,-0.0336 ,0.1918 ,0.2595 ,0.1283 ,0.0603 ,5.3529 ,5.7640 ,5.3274 
200,25,12.5,1.0000,0.1250,0.0625,0.2227 ,-0.0211 ,-0.0268 ,0.2263 ,0.2435 ,0.1299 ,0.0637 ,5.3437 ,5.7246 ,5.3121 
200,40,12.5,1.0000,0.2000,0.0625,0.2770 ,-0.0101 ,-0.0204 ,0.2561 ,0.2406 ,0.1239 ,0.0694 ,5.3600 ,5.7585 ,5.3151 
200,50,12.5,1.0000,0.2500,0.0625,0.3422 ,-0.0342 ,-0.0183 ,0.2804 ,0.2260 ,0.1283 ,0.0731 ,5.3224 ,5.7517 ,5.3039 
200,60,12.5,1.0000,0.3000,0.0625,0.3564 ,-0.0311 ,-0.0199 ,0.2791 ,0.2169 ,0.1233 ,0.0701 ,5.3332 ,5.7359 ,5.3226 
200,75,12.5,1.0000,0.3750,0.0625,0.4783 ,-0.0186 ,-0.0097 ,0.2924 ,0.2027 ,0.1160 ,0.0700 ,5.3343 ,5.7545 ,5.3359 
200,100,12.5,1.0000,0.5000,0.0625,0.5495 ,-0.0082 ,-0.0076 ,0.2816 ,0.1712 ,0.1086 ,0.0602 ,5.3555 ,5.7743 ,5.3324 
200,125,12.5,1.0000,0.6250,0.0625,0.6339 ,0.0197 ,-0.0050 ,0.2622 ,0.1761 ,0.0997 ,0.0548 ,5.3085 ,5.7421 ,5.3147 
200,150,12.5,1.0000,0.7500,0.0625,0.6845 ,0.0281 ,0.0020 ,0.2243 ,0.1763 ,0.0860 ,0.0444 ,5.3510 ,5.7652 ,5.3154 
200,200,12.5,1.0000,1.0000,0.0625,0.7396 ,0.0374 ,-0.0023 ,0.1841 ,0.1733 ,0.0735 ,0.0347 ,5.3628 ,5.7532 ,5.3185 
250,-200,12.5,1.2500,-1.0000,0.0625,0.7222 ,-0.0913 ,0.0574 ,0.2099 ,0.1762 ,0.0792 ,0.0407 ,5.4112 ,5.7133 ,6.1610 
250,-150,12.5,1.2500,-0.7500,0.0625,0.6399 ,-0.0662 ,0.0502 ,0.2480 ,0.1665 ,0.0896 ,0.0486 ,5.3641 ,5.7275 ,6.1698 
250,-125,12.5,1.2500,-0.6250,0.0625,0.5853 ,-0.0566 ,0.0373 ,0.2560 ,0.1697 ,0.0974 ,0.0519 ,5.3873 ,5.7223 ,6.1586 
250,-100,12.5,1.2500,-0.5000,0.0625,0.4869 ,-0.0360 ,0.0279 ,0.2558 ,0.1788 ,0.1051 ,0.0542 ,5.3931 ,5.6901 ,6.1700 
250,-75,12.5,1.2500,-0.3750,0.0625,0.4297 ,-0.0325 ,0.0111 ,0.2469 ,0.1830 ,0.1085 ,0.0531 ,5.3742 ,5.7253 ,6.1636 
250,-60,12.5,1.2500,-0.3000,0.0625,0.3841 ,-0.0127 ,0.0021 ,0.2296 ,0.1889 ,0.1180 ,0.0512 ,5.3458 ,5.7481 ,6.1774 
250,-50,12.5,1.2500,-0.2500,0.0625,0.3485 ,-0.0173 ,-0.0038 ,0.2229 ,0.2032 ,0.1173 ,0.0524 ,5.3796 ,5.7346 ,6.1757 
250,-40,12.5,1.2500,-0.2000,0.0625,0.2978 ,-0.0350 ,-0.0117 ,0.2040 ,0.2113 ,0.1168 ,0.0500 ,5.3739 ,5.7229 ,6.1581 
250,-25,12.5,1.2500,-0.1250,0.0625,0.2808 ,-0.0244 ,-0.0184 ,0.1882 ,0.2198 ,0.1209 ,0.0492 ,5.3856 ,5.7183 ,6.1781 
250,0,12.5,1.2500,0.0000,0.0625,0.2618 ,-0.0036 ,-0.0337 ,0.1813 ,0.2264 ,0.1280 ,0.0503 ,5.3337 ,5.7137 ,5.3353 
250,25,12.5,1.2500,0.1250,0.0625,0.3009 ,-0.0108 ,-0.0353 ,0.2017 ,0.2277 ,0.1194 ,0.0534 ,5.3627 ,5.7264 ,5.3621 
250,40,12.5,1.2500,0.2000,0.0625,0.3459 ,-0.0018 ,-0.0319 ,0.2223 ,0.2111 ,0.1200 ,0.0542 ,5.3719 ,5.7361 ,5.3521 
250,50,12.5,1.2500,0.2500,0.0625,0.3734 ,0.0035 ,-0.0267 ,0.2347 ,0.2056 ,0.1145 ,0.0552 ,5.3438 ,5.7395 ,5.3553 
250,60,12.5,1.2500,0.3000,0.0625,0.4150 ,-0.0015 ,-0.0312 ,0.2469 ,0.2053 ,0.1187 ,0.0586 ,5.3234 ,5.7210 ,5.3112 
250,75,12.5,1.2500,0.3750,0.0625,0.4320 ,0.0020 ,-0.0195 ,0.2517 ,0.1929 ,0.1089 ,0.0562 ,5.3395 ,5.7448 ,5.3385 
250,100,12.5,1.2500,0.5000,0.0625,0.5322 ,0.0236 ,-0.0130 ,0.2580 ,0.1851 ,0.1003 ,0.0554 ,5.3444 ,5.7425 ,5.3373 
250,125,12.5,1.2500,0.6250,0.0625,0.6083 ,0.0195 ,-0.0128 ,0.2505 ,0.1707 ,0.0950 ,0.0505 ,5.3610 ,5.7462 ,5.3281 
250,150,12.5,1.2500,0.7500,0.0625,0.6418 ,0.0238 ,-0.0045 ,0.2334 ,0.1739 ,0.0821 ,0.0457 ,5.3768 ,5.7553 ,5.3203 
250,200,12.5,1.2500,1.0000,0.0625,0.7360 ,0.0415 ,-0.0021 ,0.2037 ,0.1748 ,0.0708 ,0.0385 ,5.3468 ,5.7384 ,5.3339 
300,-200,12.5,1.5000,-1.0000,0.0625,0.7187 ,-0.0900 ,0.0562 ,0.2129 ,0.1777 ,0.0732 ,0.0411 ,5.3654 ,5.7291 ,6.1687 
300,-150,12.5,1.5000,-0.7500,0.0625,0.6262 ,-0.0854 ,0.0657 ,0.2320 ,0.1754 ,0.0887 ,0.0462 ,5.3870 ,5.6930 ,6.1814 
300,-125,12.5,1.5000,-0.6250,0.0625,0.6030 ,-0.0914 ,0.0517 ,0.2341 ,0.1717 ,0.0931 ,0.0465 ,5.3622 ,5.7309 ,6.1776 
300,-100,12.5,1.5000,-0.5000,0.0625,0.5050 ,-0.1008 ,0.0307 ,0.2181 ,0.1724 ,0.0995 ,0.0436 ,5.3921 ,5.7083 ,6.1821 
300,-75,12.5,1.5000,-0.3750,0.0625,0.4939 ,-0.0871 ,-0.0008 ,0.2058 ,0.1998 ,0.1072 ,0.0469 ,5.3715 ,5.7032 ,6.1644 
300,-60,12.5,1.5000,-0.3000,0.0625,0.4516 ,-0.0535 ,-0.0146 ,0.2044 ,0.1996 ,0.1109 ,0.0469 ,5.3590 ,5.7228 ,6.1855 
300,-50,12.5,1.5000,-0.2500,0.0625,0.4248 ,-0.0381 ,-0.0221 ,0.2006 ,0.1960 ,0.1117 ,0.0456 ,5.3935 ,5.6927 ,6.1537 
300,-40,12.5,1.5000,-0.2000,0.0625,0.3849 ,-0.0342 ,-0.0284 ,0.1805 ,0.2111 ,0.1173 ,0.0455 ,5.3655 ,5.7426 ,6.1546 
300,-25,12.5,1.5000,-0.1250,0.0625,0.3778 ,-0.0151 ,-0.0316 ,0.1819 ,0.2166 ,0.1125 ,0.0463 ,5.3815 ,5.7435 ,6.1621 
300,0,12.5,1.5000,0.0000,0.0625,0.3503 ,0.0239 ,-0.0385 ,0.1736 ,0.2182 ,0.1169 ,0.0457 ,5.3565 ,5.7183 ,5.3455 
300,25,12.5,1.5000,0.1250,0.0625,0.3651 ,0.0123 ,-0.0372 ,0.1953 ,0.2119 ,0.1152 ,0.0481 ,5.3453 ,5.7217 ,5.3625 
300,40,12.5,1.5000,0.2000,0.0625,0.3874 ,0.0221 ,-0.0361 ,0.1980 ,0.2100 ,0.1083 ,0.0475 ,5.3603 ,5.7202 ,5.3263 
300,50,12.5,1.5000,0.2500,0.0625,0.4001 ,0.0232 ,-0.0391 ,0.2136 ,0.2035 ,0.1102 ,0.0496 ,5.3335 ,5.7312 ,5.3509 
300,60,12.5,1.5000,0.3000,0.0625,0.4322 ,0.0194 ,-0.0320 ,0.2183 ,0.1987 ,0.1073 ,0.0493 ,5.3740 ,5.7041 ,5.3582 
300,75,12.5,1.5000,0.3750,0.0625,0.4644 ,0.0325 ,-0.0342 ,0.2335 ,0.1947 ,0.1090 ,0.0522 ,5.3570 ,5.7199 ,5.3852 
300,100,12.5,1.5000,0.5000,0.0625,0.5339 ,0.0347 ,-0.0217 ,0.2446 ,0.1826 ,0.1035 ,0.0520 ,5.3830 ,5.7445 ,5.4189 
300,125,12.5,1.5000,0.6250,0.0625,0.5929 ,0.0303 ,-0.0173 ,0.2373 ,0.1724 ,0.0960 ,0.0476 ,5.3677 ,5.7211 ,5.4351 
300,150,12.5,1.5000,0.7500,0.0625,0.6463 ,0.0330 ,-0.0109 ,0.2277 ,0.1664 ,0.0828 ,0.0432 ,5.3694 ,5.7303 ,5.4476 
300,200,12.5,1.5000,1.0000,0.0625,0.7174 ,0.0460 ,-0.0067 ,0.2030 ,0.1684 ,0.0714 ,0.0373 ,5.3937 ,5.7080 ,5.4690 
400,-200,12.5,2.0000,-1.0000,0.0625,0.5844 ,-0.0223 ,0.0600 ,0.1924 ,0.1707 ,0.0729 ,0.0357 ,5.3486 ,5.7478 ,5.5330 
400,-150,12.5,2.0000,-0.7500,0.0625,0.5580 ,-0.0491 ,0.0741 ,0.2102 ,0.1811 ,0.0820 ,0.0419 ,5.3740 ,5.7179 ,5.5274 
400,-125,12.5,2.0000,-0.6250,0.0625,0.5433 ,-0.0396 ,0.0878 ,0.2144 ,0.1734 ,0.0914 ,0.0422 ,5.3889 ,5.7510 ,5.5406 
400,-100,12.5,2.0000,-0.5000,0.0625,0.5412 ,-0.0383 ,0.0936 ,0.2191 ,0.1840 ,0.0917 ,0.0452 ,5.3525 ,5.6943 ,6.1653 
400,-75,12.5,2.0000,-0.3750,0.0625,0.5108 ,-0.0348 ,-0.0027 ,0.1900 ,0.1843 ,0.0948 ,0.0395 ,5.3843 ,5.7335 ,6.1473 
400,-60,12.5,2.0000,-0.3000,0.0625,0.4588 ,-0.0576 ,-0.0066 ,0.1737 ,0.1902 ,0.0990 ,0.0381 ,5.3875 ,5.7194 ,6.1502 
400,-50,12.5,2.0000,-0.2500,0.0625,0.4650 ,-0.0583 ,-0.0030 ,0.1802 ,0.1965 ,0.0960 ,0.0401 ,5.3514 ,5.7101 ,6.1546 
400,-40,12.5,2.0000,-0.2000,0.0625,0.4475 ,-0.0334 ,-0.0031 ,0.1674 ,0.1982 ,0.0967 ,0.0383 ,5.3664 ,5.7074 ,6.1529 
400,-25,12.5,2.0000,-0.1250,0.0625,0.4366 ,0.0189 ,-0.0041 ,0.1762 ,0.1857 ,0.1006 ,0.0378 ,5.4045 ,5.7055 ,6.1752 
400,0,12.5,2.0000,0.0000,0.0625,0.3211 ,-0.0290 ,-0.0097 ,0.1613 ,0.1900 ,0.1026 ,0.0363 ,5.3816 ,5.7388 ,5.4960 
400,25,12.5,2.0000,0.1250,0.0625,0.3484 ,-0.0065 ,-0.0099 ,0.1646 ,0.1933 ,0.1019 ,0.0374 ,5.3764 ,5.7322 ,5.5311 
400,40,12.5,2.0000,0.2000,0.0625,0.3900 ,0.0012 ,-0.0143 ,0.1705 ,0.1986 ,0.0950 ,0.0388 ,5.3813 ,5.6982 ,5.5295 
400,50,12.5,2.0000,0.2500,0.0625,0.4101 ,0.0111 ,-0.0196 ,0.1828 ,0.1818 ,0.0993 ,0.0382 ,5.3421 ,5.7179 ,5.4894 
400,60,12.5,2.0000,0.3000,0.0625,0.4321 ,0.0270 ,-0.0235 ,0.1886 ,0.1838 ,0.0992 ,0.0396 ,5.3639 ,5.7463 ,5.5005 
400,75,12.5,2.0000,0.3750,0.0625,0.4603 ,0.0409 ,-0.0228 ,0.1973 ,0.1885 ,0.0952 ,0.0418 ,5.3711 ,5.7438 ,5.5215 
400,100,12.5,2.0000,0.5000,0.0625,0.5306 ,0.0574 ,-0.0211 ,0.2138 ,0.1865 ,0.0923 ,0.0445 ,5.3887 ,5.7221 ,5.4777 
400,125,12.5,2.0000,0.6250,0.0625,0.5851 ,0.0570 ,-0.0178 ,0.2172 ,0.1799 ,0.0866 ,0.0435 ,5.3790 ,5.7262 ,5.5047 
400,150,12.5,2.0000,0.7500,0.0625,0.6295 ,0.0522 ,-0.0116 ,0.2192 ,0.1727 ,0.0811 ,0.0422 ,5.3668 ,5.7167 ,5.4727 
400,200,12.5,2.0000,1.0000,0.0625,0.7015 ,0.0524 ,-0.0066 ,0.2039 ,0.1797 ,0.0715 ,0.0395 ,5.3483 ,5.7522 ,5.4731 